classicNoisedeck__bitEffects__mode__bitField	classicNoisedeck__bitEffects__mode__bitField.dsl
classicNoisedeck__bitEffects__speed__mid	classicNoisedeck__bitEffects__speed__mid.dsl
classicNoisedeck__bitEffects__formula__sierpinski	classicNoisedeck__bitEffects__formula__sierpinski.dsl
classicNoisedeck__bitEffects__n__mid	classicNoisedeck__bitEffects__n__mid.dsl
classicNoisedeck__bitEffects__scale__mid	classicNoisedeck__bitEffects__scale__mid.dsl
classicNoisedeck__bitEffects__rotation__mid	classicNoisedeck__bitEffects__rotation__mid.dsl
classicNoisedeck__bitEffects__colorScheme__blue	classicNoisedeck__bitEffects__colorScheme__blue.dsl
classicNoisedeck__bitEffects__colorScheme__cyan	classicNoisedeck__bitEffects__colorScheme__cyan.dsl
classicNoisedeck__bitEffects__colorScheme__green	classicNoisedeck__bitEffects__colorScheme__green.dsl
classicNoisedeck__bitEffects__colorScheme__magenta	classicNoisedeck__bitEffects__colorScheme__magenta.dsl
classicNoisedeck__bitEffects__colorScheme__red	classicNoisedeck__bitEffects__colorScheme__red.dsl
classicNoisedeck__bitEffects__colorScheme__white	classicNoisedeck__bitEffects__colorScheme__white.dsl
classicNoisedeck__bitEffects__colorScheme__yellow	classicNoisedeck__bitEffects__colorScheme__yellow.dsl
classicNoisedeck__bitEffects__colorScheme__blueAndGreen	classicNoisedeck__bitEffects__colorScheme__blueAndGreen.dsl
classicNoisedeck__bitEffects__colorScheme__blueAndRed	classicNoisedeck__bitEffects__colorScheme__blueAndRed.dsl
classicNoisedeck__bitEffects__colorScheme__blueAndYellow	classicNoisedeck__bitEffects__colorScheme__blueAndYellow.dsl
classicNoisedeck__bitEffects__colorScheme__greenAndMagenta	classicNoisedeck__bitEffects__colorScheme__greenAndMagenta.dsl
classicNoisedeck__bitEffects__colorScheme__greenAndRed	classicNoisedeck__bitEffects__colorScheme__greenAndRed.dsl
classicNoisedeck__bitEffects__colorScheme__redAndCyan	classicNoisedeck__bitEffects__colorScheme__redAndCyan.dsl
classicNoisedeck__bitEffects__interp__linear	classicNoisedeck__bitEffects__interp__linear.dsl
classicNoisedeck__bitEffects__maskFormula__wideInvaders	classicNoisedeck__bitEffects__maskFormula__wideInvaders.dsl
classicNoisedeck__bitEffects__maskFormula__glyphs	classicNoisedeck__bitEffects__maskFormula__glyphs.dsl
classicNoisedeck__bitEffects__maskFormula__areciboNumber	classicNoisedeck__bitEffects__maskFormula__areciboNumber.dsl
classicNoisedeck__bitEffects__tiles__mid	classicNoisedeck__bitEffects__tiles__mid.dsl
classicNoisedeck__bitEffects__complexity__mid	classicNoisedeck__bitEffects__complexity__mid.dsl
classicNoisedeck__bitEffects__maskColorScheme__blackWhite	classicNoisedeck__bitEffects__maskColorScheme__blackWhite.dsl
classicNoisedeck__bitEffects__maskColorScheme__justHue	classicNoisedeck__bitEffects__maskColorScheme__justHue.dsl
classicNoisedeck__bitEffects__maskColorScheme__hueSaturation	classicNoisedeck__bitEffects__maskColorScheme__hueSaturation.dsl
classicNoisedeck__bitEffects__baseHueRange__mid	classicNoisedeck__bitEffects__baseHueRange__mid.dsl
classicNoisedeck__bitEffects__hueRotation__mid	classicNoisedeck__bitEffects__hueRotation__mid.dsl
classicNoisedeck__bitEffects__hueRange__mid	classicNoisedeck__bitEffects__hueRange__mid.dsl
classicNoisedeck__bitEffects__seed__mid	classicNoisedeck__bitEffects__seed__mid.dsl
classicNoisedeck__caustic__interp__constant	classicNoisedeck__caustic__interp__constant.dsl
classicNoisedeck__caustic__interp__linear	classicNoisedeck__caustic__interp__linear.dsl
classicNoisedeck__caustic__interp__hermite	classicNoisedeck__caustic__interp__hermite.dsl
classicNoisedeck__caustic__interp__catmullRom3x3	classicNoisedeck__caustic__interp__catmullRom3x3.dsl
classicNoisedeck__caustic__interp__catmullRom4x4	classicNoisedeck__caustic__interp__catmullRom4x4.dsl
classicNoisedeck__caustic__interp__bSpline3x3	classicNoisedeck__caustic__interp__bSpline3x3.dsl
classicNoisedeck__caustic__interp__bSpline4x4	classicNoisedeck__caustic__interp__bSpline4x4.dsl
classicNoisedeck__caustic__interp__sine	classicNoisedeck__caustic__interp__sine.dsl
classicNoisedeck__caustic__noiseScale__mid	classicNoisedeck__caustic__noiseScale__mid.dsl
classicNoisedeck__caustic__speed__mid	classicNoisedeck__caustic__speed__mid.dsl
classicNoisedeck__caustic__wrap__false	classicNoisedeck__caustic__wrap__false.dsl
classicNoisedeck__caustic__seed__mid	classicNoisedeck__caustic__seed__mid.dsl
classicNoisedeck__caustic__hueRotation__mid	classicNoisedeck__caustic__hueRotation__mid.dsl
classicNoisedeck__caustic__hueRange__mid	classicNoisedeck__caustic__hueRange__mid.dsl
classicNoisedeck__caustic__intensity__mid	classicNoisedeck__caustic__intensity__mid.dsl
classicNoisedeck__cellRefract__amount__mid	classicNoisedeck__cellRefract__amount__mid.dsl
classicNoisedeck__cellRefract__direction__mid	classicNoisedeck__cellRefract__direction__mid.dsl
classicNoisedeck__cellRefract__wrap__repeat	classicNoisedeck__cellRefract__wrap__repeat.dsl
classicNoisedeck__cellRefract__speed__mid	classicNoisedeck__cellRefract__speed__mid.dsl
classicNoisedeck__cellRefract__shape__circle	classicNoisedeck__cellRefract__shape__circle.dsl
classicNoisedeck__cellRefract__shape__hexagon	classicNoisedeck__cellRefract__shape__hexagon.dsl
classicNoisedeck__cellRefract__shape__octagon	classicNoisedeck__cellRefract__shape__octagon.dsl
classicNoisedeck__cellRefract__shape__square	classicNoisedeck__cellRefract__shape__square.dsl
classicNoisedeck__cellRefract__shape__triangle	classicNoisedeck__cellRefract__shape__triangle.dsl
classicNoisedeck__cellRefract__scale__mid	classicNoisedeck__cellRefract__scale__mid.dsl
classicNoisedeck__cellRefract__cellScale__mid	classicNoisedeck__cellRefract__cellScale__mid.dsl
classicNoisedeck__cellRefract__smooth__mid	classicNoisedeck__cellRefract__smooth__mid.dsl
classicNoisedeck__cellRefract__variation__mid	classicNoisedeck__cellRefract__variation__mid.dsl
classicNoisedeck__cellRefract__seed__mid	classicNoisedeck__cellRefract__seed__mid.dsl
classicNoisedeck__cellRefract__kernel__blur	classicNoisedeck__cellRefract__kernel__blur.dsl
classicNoisedeck__cellRefract__kernel__derivatives	classicNoisedeck__cellRefract__kernel__derivatives.dsl
classicNoisedeck__cellRefract__kernel__derivDivide	classicNoisedeck__cellRefract__kernel__derivDivide.dsl
classicNoisedeck__cellRefract__kernel__edge	classicNoisedeck__cellRefract__kernel__edge.dsl
classicNoisedeck__cellRefract__kernel__emboss	classicNoisedeck__cellRefract__kernel__emboss.dsl
classicNoisedeck__cellRefract__kernel__litEdge	classicNoisedeck__cellRefract__kernel__litEdge.dsl
classicNoisedeck__cellRefract__kernel__outline	classicNoisedeck__cellRefract__kernel__outline.dsl
classicNoisedeck__cellRefract__kernel__pixels	classicNoisedeck__cellRefract__kernel__pixels.dsl
classicNoisedeck__cellRefract__kernel__posterize	classicNoisedeck__cellRefract__kernel__posterize.dsl
classicNoisedeck__cellRefract__kernel__shadow	classicNoisedeck__cellRefract__kernel__shadow.dsl
classicNoisedeck__cellRefract__kernel__sharpen	classicNoisedeck__cellRefract__kernel__sharpen.dsl
classicNoisedeck__cellRefract__kernel__sobel	classicNoisedeck__cellRefract__kernel__sobel.dsl
classicNoisedeck__cellRefract__effectWidth__mid	classicNoisedeck__cellRefract__effectWidth__mid.dsl
classicNoisedeck__coalesce__blendMode__add	classicNoisedeck__coalesce__blendMode__add.dsl
classicNoisedeck__coalesce__blendMode__alpha	classicNoisedeck__coalesce__blendMode__alpha.dsl
classicNoisedeck__coalesce__blendMode__brightnessAB	classicNoisedeck__coalesce__blendMode__brightnessAB.dsl
classicNoisedeck__coalesce__blendMode__brightnessBA	classicNoisedeck__coalesce__blendMode__brightnessBA.dsl
classicNoisedeck__coalesce__blendMode__cloak	classicNoisedeck__coalesce__blendMode__cloak.dsl
classicNoisedeck__coalesce__blendMode__colorBurn	classicNoisedeck__coalesce__blendMode__colorBurn.dsl
classicNoisedeck__coalesce__blendMode__colorDodge	classicNoisedeck__coalesce__blendMode__colorDodge.dsl
classicNoisedeck__coalesce__blendMode__darken	classicNoisedeck__coalesce__blendMode__darken.dsl
classicNoisedeck__coalesce__blendMode__difference	classicNoisedeck__coalesce__blendMode__difference.dsl
classicNoisedeck__coalesce__blendMode__exclusion	classicNoisedeck__coalesce__blendMode__exclusion.dsl
classicNoisedeck__coalesce__blendMode__glow	classicNoisedeck__coalesce__blendMode__glow.dsl
classicNoisedeck__coalesce__blendMode__hardLight	classicNoisedeck__coalesce__blendMode__hardLight.dsl
classicNoisedeck__coalesce__blendMode__hueAB	classicNoisedeck__coalesce__blendMode__hueAB.dsl
classicNoisedeck__coalesce__blendMode__hueBA	classicNoisedeck__coalesce__blendMode__hueBA.dsl
classicNoisedeck__coalesce__blendMode__lighten	classicNoisedeck__coalesce__blendMode__lighten.dsl
classicNoisedeck__coalesce__blendMode__multiply	classicNoisedeck__coalesce__blendMode__multiply.dsl
classicNoisedeck__coalesce__blendMode__negation	classicNoisedeck__coalesce__blendMode__negation.dsl
classicNoisedeck__coalesce__blendMode__overlay	classicNoisedeck__coalesce__blendMode__overlay.dsl
classicNoisedeck__coalesce__blendMode__phoenix	classicNoisedeck__coalesce__blendMode__phoenix.dsl
classicNoisedeck__coalesce__blendMode__reflect	classicNoisedeck__coalesce__blendMode__reflect.dsl
classicNoisedeck__coalesce__blendMode__saturationAB	classicNoisedeck__coalesce__blendMode__saturationAB.dsl
classicNoisedeck__coalesce__blendMode__saturationBA	classicNoisedeck__coalesce__blendMode__saturationBA.dsl
classicNoisedeck__coalesce__blendMode__screen	classicNoisedeck__coalesce__blendMode__screen.dsl
classicNoisedeck__coalesce__blendMode__softLight	classicNoisedeck__coalesce__blendMode__softLight.dsl
classicNoisedeck__coalesce__blendMode__subtract	classicNoisedeck__coalesce__blendMode__subtract.dsl
classicNoisedeck__coalesce__mix__mid	classicNoisedeck__coalesce__mix__mid.dsl
classicNoisedeck__coalesce__refractAAmt__mid	classicNoisedeck__coalesce__refractAAmt__mid.dsl
classicNoisedeck__coalesce__refractBAmt__mid	classicNoisedeck__coalesce__refractBAmt__mid.dsl
classicNoisedeck__coalesce__refractADir__mid	classicNoisedeck__coalesce__refractADir__mid.dsl
classicNoisedeck__coalesce__refractBDir__mid	classicNoisedeck__coalesce__refractBDir__mid.dsl
classicNoisedeck__composite__blendMode__colorSplash	classicNoisedeck__composite__blendMode__colorSplash.dsl
classicNoisedeck__composite__blendMode__greenscreenBA	classicNoisedeck__composite__blendMode__greenscreenBA.dsl
classicNoisedeck__composite__blendMode__aBBlack	classicNoisedeck__composite__blendMode__aBBlack.dsl
classicNoisedeck__composite__blendMode__aBColorBlack	classicNoisedeck__composite__blendMode__aBColorBlack.dsl
classicNoisedeck__composite__blendMode__aBHue	classicNoisedeck__composite__blendMode__aBHue.dsl
classicNoisedeck__composite__blendMode__aBSaturation	classicNoisedeck__composite__blendMode__aBSaturation.dsl
classicNoisedeck__composite__blendMode__aBValue	classicNoisedeck__composite__blendMode__aBValue.dsl
classicNoisedeck__composite__blendMode__bABlack	classicNoisedeck__composite__blendMode__bABlack.dsl
classicNoisedeck__composite__blendMode__bAColorBlack	classicNoisedeck__composite__blendMode__bAColorBlack.dsl
classicNoisedeck__composite__blendMode__bAHue	classicNoisedeck__composite__blendMode__bAHue.dsl
classicNoisedeck__composite__blendMode__bASaturation	classicNoisedeck__composite__blendMode__bASaturation.dsl
classicNoisedeck__composite__blendMode__bAValue	classicNoisedeck__composite__blendMode__bAValue.dsl
classicNoisedeck__composite__blendMode__mix	classicNoisedeck__composite__blendMode__mix.dsl
classicNoisedeck__composite__blendMode__psychedelic	classicNoisedeck__composite__blendMode__psychedelic.dsl
classicNoisedeck__composite__blendMode__psychedelic2	classicNoisedeck__composite__blendMode__psychedelic2.dsl
classicNoisedeck__composite__range__mid	classicNoisedeck__composite__range__mid.dsl
classicNoisedeck__composite__mix__mid	classicNoisedeck__composite__mix__mid.dsl
classicNoisedeck__effects__effect__bloom	classicNoisedeck__effects__effect__bloom.dsl
classicNoisedeck__effects__effect__blur	classicNoisedeck__effects__effect__blur.dsl
classicNoisedeck__effects__effect__blurSharpen	classicNoisedeck__effects__effect__blurSharpen.dsl
classicNoisedeck__effects__effect__cga	classicNoisedeck__effects__effect__cga.dsl
classicNoisedeck__effects__effect__derivatives	classicNoisedeck__effects__effect__derivatives.dsl
classicNoisedeck__effects__effect__derivDivide	classicNoisedeck__effects__effect__derivDivide.dsl
classicNoisedeck__effects__effect__edge	classicNoisedeck__effects__effect__edge.dsl
classicNoisedeck__effects__effect__emboss	classicNoisedeck__effects__effect__emboss.dsl
classicNoisedeck__effects__effect__litEdge	classicNoisedeck__effects__effect__litEdge.dsl
classicNoisedeck__effects__effect__outline	classicNoisedeck__effects__effect__outline.dsl
classicNoisedeck__effects__effect__pixels	classicNoisedeck__effects__effect__pixels.dsl
classicNoisedeck__effects__effect__posterize	classicNoisedeck__effects__effect__posterize.dsl
classicNoisedeck__effects__effect__shadow	classicNoisedeck__effects__effect__shadow.dsl
classicNoisedeck__effects__effect__sharpen	classicNoisedeck__effects__effect__sharpen.dsl
classicNoisedeck__effects__effect__smoothEdge	classicNoisedeck__effects__effect__smoothEdge.dsl
classicNoisedeck__effects__effect__sobel	classicNoisedeck__effects__effect__sobel.dsl
classicNoisedeck__effects__effect__subpixel	classicNoisedeck__effects__effect__subpixel.dsl
classicNoisedeck__effects__effect__zoomBlur	classicNoisedeck__effects__effect__zoomBlur.dsl
classicNoisedeck__effects__effectAmt__mid	classicNoisedeck__effects__effectAmt__mid.dsl
classicNoisedeck__effects__scaleAmt__mid	classicNoisedeck__effects__scaleAmt__mid.dsl
classicNoisedeck__effects__rotation__mid	classicNoisedeck__effects__rotation__mid.dsl
classicNoisedeck__effects__offsetX__mid	classicNoisedeck__effects__offsetX__mid.dsl
classicNoisedeck__effects__offsetY__mid	classicNoisedeck__effects__offsetY__mid.dsl
classicNoisedeck__effects__flip__all	classicNoisedeck__effects__flip__all.dsl
classicNoisedeck__effects__flip__horizontal	classicNoisedeck__effects__flip__horizontal.dsl
classicNoisedeck__effects__flip__vertical	classicNoisedeck__effects__flip__vertical.dsl
classicNoisedeck__effects__flip__leftToRight	classicNoisedeck__effects__flip__leftToRight.dsl
classicNoisedeck__effects__flip__rightToLeft	classicNoisedeck__effects__flip__rightToLeft.dsl
classicNoisedeck__effects__flip__upToDown	classicNoisedeck__effects__flip__upToDown.dsl
classicNoisedeck__effects__flip__downToUp	classicNoisedeck__effects__flip__downToUp.dsl
classicNoisedeck__effects__flip__lrUd	classicNoisedeck__effects__flip__lrUd.dsl
classicNoisedeck__effects__flip__lrDu	classicNoisedeck__effects__flip__lrDu.dsl
classicNoisedeck__effects__flip__rlUd	classicNoisedeck__effects__flip__rlUd.dsl
classicNoisedeck__effects__flip__rlDu	classicNoisedeck__effects__flip__rlDu.dsl
classicNoisedeck__effects__intensity__mid	classicNoisedeck__effects__intensity__mid.dsl
classicNoisedeck__effects__saturation__mid	classicNoisedeck__effects__saturation__mid.dsl
classicNoisedeck__glitch__glitchiness__mid	classicNoisedeck__glitch__glitchiness__mid.dsl
classicNoisedeck__glitch__aberration__mid	classicNoisedeck__glitch__aberration__mid.dsl
classicNoisedeck__glitch__xChonk__mid	classicNoisedeck__glitch__xChonk__mid.dsl
classicNoisedeck__glitch__yChonk__mid	classicNoisedeck__glitch__yChonk__mid.dsl
classicNoisedeck__glitch__seed__mid	classicNoisedeck__glitch__seed__mid.dsl
classicNoisedeck__glitch__scanlinesAmt__mid	classicNoisedeck__glitch__scanlinesAmt__mid.dsl
classicNoisedeck__glitch__snowAmt__mid	classicNoisedeck__glitch__snowAmt__mid.dsl
classicNoisedeck__glitch__vignetteAmt__mid	classicNoisedeck__glitch__vignetteAmt__mid.dsl
classicNoisedeck__glitch__distortion__mid	classicNoisedeck__glitch__distortion__mid.dsl
classicNoisedeck__glitch__aspectLens__true	classicNoisedeck__glitch__aspectLens__true.dsl
classicNoisedeck__kaleido__sides__mid	classicNoisedeck__kaleido__sides__mid.dsl
classicNoisedeck__kaleido__metric__diamond	classicNoisedeck__kaleido__metric__diamond.dsl
classicNoisedeck__kaleido__metric__hexagon	classicNoisedeck__kaleido__metric__hexagon.dsl
classicNoisedeck__kaleido__metric__octagon	classicNoisedeck__kaleido__metric__octagon.dsl
classicNoisedeck__kaleido__metric__square	classicNoisedeck__kaleido__metric__square.dsl
classicNoisedeck__kaleido__metric__triangle	classicNoisedeck__kaleido__metric__triangle.dsl
classicNoisedeck__kaleido__loopOffset__triangle	classicNoisedeck__kaleido__loopOffset__triangle.dsl
classicNoisedeck__kaleido__loopOffset__diamond	classicNoisedeck__kaleido__loopOffset__diamond.dsl
classicNoisedeck__kaleido__loopOffset__square	classicNoisedeck__kaleido__loopOffset__square.dsl
classicNoisedeck__kaleido__loopOffset__pentagon	classicNoisedeck__kaleido__loopOffset__pentagon.dsl
classicNoisedeck__kaleido__loopOffset__hexagon	classicNoisedeck__kaleido__loopOffset__hexagon.dsl
classicNoisedeck__kaleido__loopOffset__heptagon	classicNoisedeck__kaleido__loopOffset__heptagon.dsl
classicNoisedeck__kaleido__loopOffset__octagon	classicNoisedeck__kaleido__loopOffset__octagon.dsl
classicNoisedeck__kaleido__loopOffset__nonagon	classicNoisedeck__kaleido__loopOffset__nonagon.dsl
classicNoisedeck__kaleido__loopOffset__decagon	classicNoisedeck__kaleido__loopOffset__decagon.dsl
classicNoisedeck__kaleido__loopOffset__hendecagon	classicNoisedeck__kaleido__loopOffset__hendecagon.dsl
classicNoisedeck__kaleido__loopOffset__dodecagon	classicNoisedeck__kaleido__loopOffset__dodecagon.dsl
classicNoisedeck__kaleido__loopOffset__horizontalScan	classicNoisedeck__kaleido__loopOffset__horizontalScan.dsl
classicNoisedeck__kaleido__loopOffset__verticalScan	classicNoisedeck__kaleido__loopOffset__verticalScan.dsl
classicNoisedeck__kaleido__loopOffset__noiseConstant	classicNoisedeck__kaleido__loopOffset__noiseConstant.dsl
classicNoisedeck__kaleido__loopOffset__noiseLinear	classicNoisedeck__kaleido__loopOffset__noiseLinear.dsl
classicNoisedeck__kaleido__loopOffset__noiseHermite	classicNoisedeck__kaleido__loopOffset__noiseHermite.dsl
classicNoisedeck__kaleido__loopOffset__noiseCatmullRom3x3	classicNoisedeck__kaleido__loopOffset__noiseCatmullRom3x3.dsl
classicNoisedeck__kaleido__loopOffset__noiseCatmullRom4x4	classicNoisedeck__kaleido__loopOffset__noiseCatmullRom4x4.dsl
classicNoisedeck__kaleido__loopOffset__noiseBSpline3x3	classicNoisedeck__kaleido__loopOffset__noiseBSpline3x3.dsl
classicNoisedeck__kaleido__loopOffset__noiseBSpline4x4	classicNoisedeck__kaleido__loopOffset__noiseBSpline4x4.dsl
classicNoisedeck__kaleido__loopOffset__noiseSimplex	classicNoisedeck__kaleido__loopOffset__noiseSimplex.dsl
classicNoisedeck__kaleido__loopOffset__noiseSine	classicNoisedeck__kaleido__loopOffset__noiseSine.dsl
classicNoisedeck__kaleido__loopOffset__rings	classicNoisedeck__kaleido__loopOffset__rings.dsl
classicNoisedeck__kaleido__loopOffset__sine	classicNoisedeck__kaleido__loopOffset__sine.dsl
classicNoisedeck__kaleido__loopScale__mid	classicNoisedeck__kaleido__loopScale__mid.dsl
classicNoisedeck__kaleido__speed__mid	classicNoisedeck__kaleido__speed__mid.dsl
classicNoisedeck__kaleido__seed__mid	classicNoisedeck__kaleido__seed__mid.dsl
classicNoisedeck__kaleido__wrap__false	classicNoisedeck__kaleido__wrap__false.dsl
classicNoisedeck__kaleido__direction__clockwise	classicNoisedeck__kaleido__direction__clockwise.dsl
classicNoisedeck__kaleido__direction__counterclock	classicNoisedeck__kaleido__direction__counterclock.dsl
classicNoisedeck__kaleido__kernel__blur	classicNoisedeck__kaleido__kernel__blur.dsl
classicNoisedeck__kaleido__kernel__derivatives	classicNoisedeck__kaleido__kernel__derivatives.dsl
classicNoisedeck__kaleido__kernel__derivDivide	classicNoisedeck__kaleido__kernel__derivDivide.dsl
classicNoisedeck__kaleido__kernel__edge	classicNoisedeck__kaleido__kernel__edge.dsl
classicNoisedeck__kaleido__kernel__emboss	classicNoisedeck__kaleido__kernel__emboss.dsl
classicNoisedeck__kaleido__kernel__outline	classicNoisedeck__kaleido__kernel__outline.dsl
classicNoisedeck__kaleido__kernel__pixels	classicNoisedeck__kaleido__kernel__pixels.dsl
classicNoisedeck__kaleido__kernel__posterize	classicNoisedeck__kaleido__kernel__posterize.dsl
classicNoisedeck__kaleido__kernel__shadow	classicNoisedeck__kaleido__kernel__shadow.dsl
classicNoisedeck__kaleido__kernel__sharpen	classicNoisedeck__kaleido__kernel__sharpen.dsl
classicNoisedeck__kaleido__kernel__sobel	classicNoisedeck__kaleido__kernel__sobel.dsl
classicNoisedeck__kaleido__effectWidth__mid	classicNoisedeck__kaleido__effectWidth__mid.dsl
classicNoisedeck__lensDistortion__shape__cosine	classicNoisedeck__lensDistortion__shape__cosine.dsl
classicNoisedeck__lensDistortion__shape__diamond	classicNoisedeck__lensDistortion__shape__diamond.dsl
classicNoisedeck__lensDistortion__shape__hexagon	classicNoisedeck__lensDistortion__shape__hexagon.dsl
classicNoisedeck__lensDistortion__shape__octagon	classicNoisedeck__lensDistortion__shape__octagon.dsl
classicNoisedeck__lensDistortion__shape__square	classicNoisedeck__lensDistortion__shape__square.dsl
classicNoisedeck__lensDistortion__shape__triangle	classicNoisedeck__lensDistortion__shape__triangle.dsl
classicNoisedeck__lensDistortion__distortion__mid	classicNoisedeck__lensDistortion__distortion__mid.dsl
classicNoisedeck__lensDistortion__aspectLens__true	classicNoisedeck__lensDistortion__aspectLens__true.dsl
classicNoisedeck__lensDistortion__loopScale__mid	classicNoisedeck__lensDistortion__loopScale__mid.dsl
classicNoisedeck__lensDistortion__speed__mid	classicNoisedeck__lensDistortion__speed__mid.dsl
classicNoisedeck__lensDistortion__mode__prismaticHsv	classicNoisedeck__lensDistortion__mode__prismaticHsv.dsl
classicNoisedeck__lensDistortion__aberration__mid	classicNoisedeck__lensDistortion__aberration__mid.dsl
classicNoisedeck__lensDistortion__blendMode__alpha	classicNoisedeck__lensDistortion__blendMode__alpha.dsl
classicNoisedeck__lensDistortion__modulate__true	classicNoisedeck__lensDistortion__modulate__true.dsl
classicNoisedeck__lensDistortion__alpha__mid	classicNoisedeck__lensDistortion__alpha__mid.dsl
classicNoisedeck__lensDistortion__hueRotation__mid	classicNoisedeck__lensDistortion__hueRotation__mid.dsl
classicNoisedeck__lensDistortion__hueRange__mid	classicNoisedeck__lensDistortion__hueRange__mid.dsl
classicNoisedeck__lensDistortion__saturation__mid	classicNoisedeck__lensDistortion__saturation__mid.dsl
classicNoisedeck__lensDistortion__passthru__mid	classicNoisedeck__lensDistortion__passthru__mid.dsl
classicNoisedeck__lensDistortion__vignetteAmt__mid	classicNoisedeck__lensDistortion__vignetteAmt__mid.dsl
classicNoisedeck__moodscape__interp__constant	classicNoisedeck__moodscape__interp__constant.dsl
classicNoisedeck__moodscape__interp__linear	classicNoisedeck__moodscape__interp__linear.dsl
classicNoisedeck__moodscape__interp__hermite	classicNoisedeck__moodscape__interp__hermite.dsl
classicNoisedeck__moodscape__interp__catmullRom3x3	classicNoisedeck__moodscape__interp__catmullRom3x3.dsl
classicNoisedeck__moodscape__interp__catmullRom4x4	classicNoisedeck__moodscape__interp__catmullRom4x4.dsl
classicNoisedeck__moodscape__interp__bSpline3x3	classicNoisedeck__moodscape__interp__bSpline3x3.dsl
classicNoisedeck__moodscape__interp__bSpline4x4	classicNoisedeck__moodscape__interp__bSpline4x4.dsl
classicNoisedeck__moodscape__interp__sine	classicNoisedeck__moodscape__interp__sine.dsl
classicNoisedeck__moodscape__noiseScale__mid	classicNoisedeck__moodscape__noiseScale__mid.dsl
classicNoisedeck__moodscape__speed__mid	classicNoisedeck__moodscape__speed__mid.dsl
classicNoisedeck__moodscape__refractAmt__mid	classicNoisedeck__moodscape__refractAmt__mid.dsl
classicNoisedeck__moodscape__ridges__false	classicNoisedeck__moodscape__ridges__false.dsl
classicNoisedeck__moodscape__wrap__false	classicNoisedeck__moodscape__wrap__false.dsl
classicNoisedeck__moodscape__seed__mid	classicNoisedeck__moodscape__seed__mid.dsl
classicNoisedeck__moodscape__colorMode__mono	classicNoisedeck__moodscape__colorMode__mono.dsl
classicNoisedeck__moodscape__colorMode__rgb	classicNoisedeck__moodscape__colorMode__rgb.dsl
classicNoisedeck__moodscape__colorMode__oklab	classicNoisedeck__moodscape__colorMode__oklab.dsl
classicNoisedeck__moodscape__hueRotation__mid	classicNoisedeck__moodscape__hueRotation__mid.dsl
classicNoisedeck__moodscape__hueRange__mid	classicNoisedeck__moodscape__hueRange__mid.dsl
classicNoisedeck__moodscape__intensity__mid	classicNoisedeck__moodscape__intensity__mid.dsl
classicNoisedeck__noise3d__type__cubes	classicNoisedeck__noise3d__type__cubes.dsl
classicNoisedeck__noise3d__type__sine	classicNoisedeck__noise3d__type__sine.dsl
classicNoisedeck__noise3d__type__spheres	classicNoisedeck__noise3d__type__spheres.dsl
classicNoisedeck__noise3d__type__wavyPlanes	classicNoisedeck__noise3d__type__wavyPlanes.dsl
classicNoisedeck__noise3d__type__wavyPlaneLower	classicNoisedeck__noise3d__type__wavyPlaneLower.dsl
classicNoisedeck__noise3d__type__wavyPlaneUpper	classicNoisedeck__noise3d__type__wavyPlaneUpper.dsl
classicNoisedeck__noise3d__ridges__true	classicNoisedeck__noise3d__ridges__true.dsl
classicNoisedeck__noise3d__seed__mid	classicNoisedeck__noise3d__seed__mid.dsl
classicNoisedeck__noise3d__speed__mid	classicNoisedeck__noise3d__speed__mid.dsl
classicNoisedeck__noise3d__scale__mid	classicNoisedeck__noise3d__scale__mid.dsl
classicNoisedeck__noise3d__offsetX__mid	classicNoisedeck__noise3d__offsetX__mid.dsl
classicNoisedeck__noise3d__offsetY__mid	classicNoisedeck__noise3d__offsetY__mid.dsl
classicNoisedeck__noise3d__colorMode__depthMap	classicNoisedeck__noise3d__colorMode__depthMap.dsl
classicNoisedeck__noise3d__colorMode__mono	classicNoisedeck__noise3d__colorMode__mono.dsl
classicNoisedeck__noise3d__colorMode__surfaceNormal	classicNoisedeck__noise3d__colorMode__surfaceNormal.dsl
classicNoisedeck__noise3d__hueRotation__mid	classicNoisedeck__noise3d__hueRotation__mid.dsl
classicNoisedeck__noise3d__hueRange__mid	classicNoisedeck__noise3d__hueRange__mid.dsl
classicNoisedeck__refract__blendMode__add	classicNoisedeck__refract__blendMode__add.dsl
classicNoisedeck__refract__blendMode__colorBurn	classicNoisedeck__refract__blendMode__colorBurn.dsl
classicNoisedeck__refract__blendMode__colorDodge	classicNoisedeck__refract__blendMode__colorDodge.dsl
classicNoisedeck__refract__blendMode__darken	classicNoisedeck__refract__blendMode__darken.dsl
classicNoisedeck__refract__blendMode__difference	classicNoisedeck__refract__blendMode__difference.dsl
classicNoisedeck__refract__blendMode__exclusion	classicNoisedeck__refract__blendMode__exclusion.dsl
classicNoisedeck__refract__blendMode__glow	classicNoisedeck__refract__blendMode__glow.dsl
classicNoisedeck__refract__blendMode__hardLight	classicNoisedeck__refract__blendMode__hardLight.dsl
classicNoisedeck__refract__blendMode__lighten	classicNoisedeck__refract__blendMode__lighten.dsl
classicNoisedeck__refract__blendMode__multiply	classicNoisedeck__refract__blendMode__multiply.dsl
classicNoisedeck__refract__blendMode__negation	classicNoisedeck__refract__blendMode__negation.dsl
classicNoisedeck__refract__blendMode__overlay	classicNoisedeck__refract__blendMode__overlay.dsl
classicNoisedeck__refract__blendMode__phoenix	classicNoisedeck__refract__blendMode__phoenix.dsl
classicNoisedeck__refract__blendMode__reflect	classicNoisedeck__refract__blendMode__reflect.dsl
classicNoisedeck__refract__blendMode__screen	classicNoisedeck__refract__blendMode__screen.dsl
classicNoisedeck__refract__blendMode__softLight	classicNoisedeck__refract__blendMode__softLight.dsl
classicNoisedeck__refract__blendMode__subtract	classicNoisedeck__refract__blendMode__subtract.dsl
classicNoisedeck__refract__mix__mid	classicNoisedeck__refract__mix__mid.dsl
classicNoisedeck__refract__mode__reflect	classicNoisedeck__refract__mode__reflect.dsl
classicNoisedeck__refract__amount__mid	classicNoisedeck__refract__amount__mid.dsl
classicNoisedeck__refract__direction__mid	classicNoisedeck__refract__direction__mid.dsl
classicNoisedeck__refract__wrap__clamp	classicNoisedeck__refract__wrap__clamp.dsl
classicNoisedeck__refract__wrap__repeat	classicNoisedeck__refract__wrap__repeat.dsl
classicNoisedeck__splat__enabled__false	classicNoisedeck__splat__enabled__false.dsl
classicNoisedeck__splat__mode__color	classicNoisedeck__splat__mode__color.dsl
classicNoisedeck__splat__mode__displace	classicNoisedeck__splat__mode__displace.dsl
classicNoisedeck__splat__mode__negative	classicNoisedeck__splat__mode__negative.dsl
classicNoisedeck__splat__scale__mid	classicNoisedeck__splat__scale__mid.dsl
classicNoisedeck__splat__seed__mid	classicNoisedeck__splat__seed__mid.dsl
classicNoisedeck__splat__cutoff__mid	classicNoisedeck__splat__cutoff__mid.dsl
classicNoisedeck__splat__speed__mid	classicNoisedeck__splat__speed__mid.dsl
classicNoisedeck__splat__useSpecks__false	classicNoisedeck__splat__useSpecks__false.dsl
classicNoisedeck__splat__speckMode__displace	classicNoisedeck__splat__speckMode__displace.dsl
classicNoisedeck__splat__speckMode__invert	classicNoisedeck__splat__speckMode__invert.dsl
classicNoisedeck__splat__speckMode__negative	classicNoisedeck__splat__speckMode__negative.dsl
classicNoisedeck__splat__speckScale__mid	classicNoisedeck__splat__speckScale__mid.dsl
classicNoisedeck__splat__speckSeed__mid	classicNoisedeck__splat__speckSeed__mid.dsl
classicNoisedeck__splat__speckCutoff__mid	classicNoisedeck__splat__speckCutoff__mid.dsl
classicNoisedeck__splat__speckSpeed__mid	classicNoisedeck__splat__speckSpeed__mid.dsl
filter__adjust__mode__hsv	filter__adjust__mode__hsv.dsl
filter__adjust__mode__oklab	filter__adjust__mode__oklab.dsl
filter__adjust__mode__oklch	filter__adjust__mode__oklch.dsl
filter__adjust__rotation__mid	filter__adjust__rotation__mid.dsl
filter__adjust__hueRange__mid	filter__adjust__hueRange__mid.dsl
filter__adjust__saturation__mid	filter__adjust__saturation__mid.dsl
filter__adjust__brightness__mid	filter__adjust__brightness__mid.dsl
filter__adjust__contrast__mid	filter__adjust__contrast__mid.dsl
filter__bloom__threshold__mid	filter__bloom__threshold__mid.dsl
filter__bloom__softKnee__mid	filter__bloom__softKnee__mid.dsl
filter__bloom__intensity__mid	filter__bloom__intensity__mid.dsl
filter__bloom__radius__mid	filter__bloom__radius__mid.dsl
filter__bloom__taps__mid	filter__bloom__taps__mid.dsl
filter__blur__radiusX__mid	filter__blur__radiusX__mid.dsl
filter__blur__radiusY__mid	filter__blur__radiusY__mid.dsl
filter__bulge__strength__mid	filter__bulge__strength__mid.dsl
filter__bulge__aspectLens__false	filter__bulge__aspectLens__false.dsl
filter__bulge__wrap__repeat	filter__bulge__wrap__repeat.dsl
filter__bulge__wrap__clamp	filter__bulge__wrap__clamp.dsl
filter__bulge__rotation__mid	filter__bulge__rotation__mid.dsl
filter__bulge__antialias__false	filter__bulge__antialias__false.dsl
filter__celShading__mix__mid	filter__celShading__mix__mid.dsl
filter__celShading__levels__mid	filter__celShading__levels__mid.dsl
filter__celShading__gamma__mid	filter__celShading__gamma__mid.dsl
filter__celShading__antialias__true	filter__celShading__antialias__true.dsl
filter__celShading__edgeWidth__mid	filter__celShading__edgeWidth__mid.dsl
filter__celShading__edgeThreshold__mid	filter__celShading__edgeThreshold__mid.dsl
filter__celShading__strength__mid	filter__celShading__strength__mid.dsl
filter__channel__scale__mid	filter__channel__scale__mid.dsl
filter__channel__offset__mid	filter__channel__offset__mid.dsl
filter__chroma__targetHue__mid	filter__chroma__targetHue__mid.dsl
filter__chroma__range__mid	filter__chroma__range__mid.dsl
filter__chroma__feather__mid	filter__chroma__feather__mid.dsl
filter__chromaticAberration__aberration__mid	filter__chromaticAberration__aberration__mid.dsl
filter__chromaticAberration__passthru__mid	filter__chromaticAberration__passthru__mid.dsl
filter__chrome__detail__mid	filter__chrome__detail__mid.dsl
filter__chrome__smoothness__mid	filter__chrome__smoothness__mid.dsl
filter__chrome__distortion__mid	filter__chrome__distortion__mid.dsl
filter__clouds__seed__mid	filter__clouds__seed__mid.dsl
filter__clouds__scale__mid	filter__clouds__scale__mid.dsl
filter__clouds__speed__mid	filter__clouds__speed__mid.dsl
filter__colorReplace__sensitivity__mid	filter__colorReplace__sensitivity__mid.dsl
filter__colorReplace__smoothing__mid	filter__colorReplace__smoothing__mid.dsl
filter__colorReplace__colorMix__mid	filter__colorReplace__colorMix__mid.dsl
filter__colorReplace__replaceAlpha__mid	filter__colorReplace__replaceAlpha__mid.dsl
filter__colorReplace__keepAlpha__mid	filter__colorReplace__keepAlpha__mid.dsl
filter__convolutionFeedback__sharpenRadius__mid	filter__convolutionFeedback__sharpenRadius__mid.dsl
filter__convolutionFeedback__sharpenAmount__mid	filter__convolutionFeedback__sharpenAmount__mid.dsl
filter__convolutionFeedback__blurRadius__mid	filter__convolutionFeedback__blurRadius__mid.dsl
filter__convolutionFeedback__blurAmount__mid	filter__convolutionFeedback__blurAmount__mid.dsl
filter__convolutionFeedback__intensity__mid	filter__convolutionFeedback__intensity__mid.dsl
filter__corrupt__intensity__mid	filter__corrupt__intensity__mid.dsl
filter__corrupt__bandHeight__mid	filter__corrupt__bandHeight__mid.dsl
filter__corrupt__sort__mid	filter__corrupt__sort__mid.dsl
filter__corrupt__shift__mid	filter__corrupt__shift__mid.dsl
filter__corrupt__channelShift__mid	filter__corrupt__channelShift__mid.dsl
filter__corrupt__melt__mid	filter__corrupt__melt__mid.dsl
filter__corrupt__scatter__mid	filter__corrupt__scatter__mid.dsl
filter__corrupt__bits__mid	filter__corrupt__bits__mid.dsl
filter__corrupt__speed__mid	filter__corrupt__speed__mid.dsl
filter__corrupt__seed__mid	filter__corrupt__seed__mid.dsl
filter__craquelure__spacing__mid	filter__craquelure__spacing__mid.dsl
filter__craquelure__depth__mid	filter__craquelure__depth__mid.dsl
filter__craquelure__brightness__mid	filter__craquelure__brightness__mid.dsl
filter__craquelure__seed__mid	filter__craquelure__seed__mid.dsl
filter__crt__alpha__mid	filter__crt__alpha__mid.dsl
filter__crt__speed__mid	filter__crt__speed__mid.dsl
filter__crt__seed__mid	filter__crt__seed__mid.dsl
filter__degauss__displacement__mid	filter__degauss__displacement__mid.dsl
filter__degauss__direction__mid	filter__degauss__direction__mid.dsl
filter__degauss__seed__mid	filter__degauss__seed__mid.dsl
filter__degauss__speed__mid	filter__degauss__speed__mid.dsl
filter__deriv__amount__mid	filter__deriv__amount__mid.dsl
filter__directionalBlur__angle__mid	filter__directionalBlur__angle__mid.dsl
filter__directionalBlur__distance__mid	filter__directionalBlur__distance__mid.dsl
filter__dither__type__bayer2x2	filter__dither__type__bayer2x2.dsl
filter__dither__type__bayer8x8	filter__dither__type__bayer8x8.dsl
filter__dither__type__dot	filter__dither__type__dot.dsl
filter__dither__type__line	filter__dither__type__line.dsl
filter__dither__type__crosshatch	filter__dither__type__crosshatch.dsl
filter__dither__type__noise	filter__dither__type__noise.dsl
filter__dither__type__errorDiffusion	filter__dither__type__errorDiffusion.dsl
filter__dither__matrixScale__mid	filter__dither__matrixScale__mid.dsl
filter__dither__threshold__mid	filter__dither__threshold__mid.dsl
filter__dither__palette__monochrome	filter__dither__palette__monochrome.dsl
filter__dither__palette__dotMatrixGreen	filter__dither__palette__dotMatrixGreen.dsl
filter__dither__palette__amberMonitor	filter__dither__palette__amberMonitor.dsl
filter__dither__palette__pico8	filter__dither__palette__pico8.dsl
filter__dither__palette__commodore64	filter__dither__palette__commodore64.dsl
filter__dither__palette__cgaPalette1	filter__dither__palette__cgaPalette1.dsl
filter__dither__palette__zxSpectrum	filter__dither__palette__zxSpectrum.dsl
filter__dither__palette__appleII	filter__dither__palette__appleII.dsl
filter__dither__palette__ega	filter__dither__palette__ega.dsl
filter__dither__levels__mid	filter__dither__levels__mid.dsl
filter__dither__mix__mid	filter__dither__mix__mid.dsl
filter__edge__kernel__fine	filter__edge__kernel__fine.dsl
filter__edge__kernel__contour	filter__edge__kernel__contour.dsl
filter__edge__level__mid	filter__edge__level__mid.dsl
filter__edge__contourSide__upper	filter__edge__contourSide__upper.dsl
filter__edge__size__kernel7x7	filter__edge__size__kernel7x7.dsl
filter__edge__channel__luminance	filter__edge__channel__luminance.dsl
filter__edge__amount__mid	filter__edge__amount__mid.dsl
filter__edge__invert__on	filter__edge__invert__on.dsl
filter__edge__threshold__mid	filter__edge__threshold__mid.dsl
filter__edge__blend__add	filter__edge__blend__add.dsl
filter__edge__blend__darken	filter__edge__blend__darken.dsl
filter__edge__blend__difference	filter__edge__blend__difference.dsl
filter__edge__blend__dodge	filter__edge__blend__dodge.dsl
filter__edge__blend__lighten	filter__edge__blend__lighten.dsl
filter__edge__blend__multiply	filter__edge__blend__multiply.dsl
filter__edge__blend__overlay	filter__edge__blend__overlay.dsl
filter__edge__blend__screen	filter__edge__blend__screen.dsl
filter__edge__mix__mid	filter__edge__mix__mid.dsl
filter__emboss__style__gray	filter__emboss__style__gray.dsl
filter__emboss__amount__mid	filter__emboss__amount__mid.dsl
filter__emboss__angle__mid	filter__emboss__angle__mid.dsl
filter__emboss__height__mid	filter__emboss__height__mid.dsl
filter__emboss__colorAmount__mid	filter__emboss__colorAmount__mid.dsl
filter__extrude__type__pyramids	filter__extrude__type__pyramids.dsl
filter__extrude__size__mid	filter__extrude__size__mid.dsl
filter__extrude__depth__mid	filter__extrude__depth__mid.dsl
filter__extrude__depthSource__random	filter__extrude__depthSource__random.dsl
filter__extrude__solidFront__false	filter__extrude__solidFront__false.dsl
filter__feedback__blendMode__add	filter__feedback__blendMode__add.dsl
filter__feedback__blendMode__cloak	filter__feedback__blendMode__cloak.dsl
filter__feedback__blendMode__colorBurn	filter__feedback__blendMode__colorBurn.dsl
filter__feedback__blendMode__colorDodge	filter__feedback__blendMode__colorDodge.dsl
filter__feedback__blendMode__darken	filter__feedback__blendMode__darken.dsl
filter__feedback__blendMode__difference	filter__feedback__blendMode__difference.dsl
filter__feedback__blendMode__exclusion	filter__feedback__blendMode__exclusion.dsl
filter__feedback__blendMode__glow	filter__feedback__blendMode__glow.dsl
filter__feedback__blendMode__hardLight	filter__feedback__blendMode__hardLight.dsl
filter__feedback__blendMode__lighten	filter__feedback__blendMode__lighten.dsl
filter__feedback__blendMode__multiply	filter__feedback__blendMode__multiply.dsl
filter__feedback__blendMode__negation	filter__feedback__blendMode__negation.dsl
filter__feedback__blendMode__overlay	filter__feedback__blendMode__overlay.dsl
filter__feedback__blendMode__phoenix	filter__feedback__blendMode__phoenix.dsl
filter__feedback__blendMode__reflect	filter__feedback__blendMode__reflect.dsl
filter__feedback__blendMode__screen	filter__feedback__blendMode__screen.dsl
filter__feedback__blendMode__softLight	filter__feedback__blendMode__softLight.dsl
filter__feedback__blendMode__subtract	filter__feedback__blendMode__subtract.dsl
filter__feedback__mix__mid	filter__feedback__mix__mid.dsl
filter__feedback__scaleAmt__mid	filter__feedback__scaleAmt__mid.dsl
filter__feedback__rotation__mid	filter__feedback__rotation__mid.dsl
filter__feedback__refractAAmt__mid	filter__feedback__refractAAmt__mid.dsl
filter__feedback__refractBAmt__mid	filter__feedback__refractBAmt__mid.dsl
filter__feedback__refractADir__mid	filter__feedback__refractADir__mid.dsl
filter__feedback__refractBDir__mid	filter__feedback__refractBDir__mid.dsl
filter__feedback__hueRotation__mid	filter__feedback__hueRotation__mid.dsl
filter__feedback__intensity__mid	filter__feedback__intensity__mid.dsl
filter__feedback__aberration__mid	filter__feedback__aberration__mid.dsl
filter__feedback__distortion__mid	filter__feedback__distortion__mid.dsl
filter__fibers__density__mid	filter__fibers__density__mid.dsl
filter__fibers__seed__mid	filter__fibers__seed__mid.dsl
filter__fibers__alpha__mid	filter__fibers__alpha__mid.dsl
filter__flipMirror__mode__none	filter__flipMirror__mode__none.dsl
filter__flipMirror__mode__all	filter__flipMirror__mode__all.dsl
filter__flipMirror__mode__horizontal	filter__flipMirror__mode__horizontal.dsl
filter__flipMirror__mode__vertical	filter__flipMirror__mode__vertical.dsl
filter__flipMirror__mode__mirrorLtoR	filter__flipMirror__mode__mirrorLtoR.dsl
filter__flipMirror__mode__mirrorRtoL	filter__flipMirror__mode__mirrorRtoL.dsl
filter__flipMirror__mode__mirrorUtoD	filter__flipMirror__mode__mirrorUtoD.dsl
filter__flipMirror__mode__mirrorDtoU	filter__flipMirror__mode__mirrorDtoU.dsl
filter__flipMirror__mode__mirrorLtoRDtoU	filter__flipMirror__mode__mirrorLtoRDtoU.dsl
filter__flipMirror__mode__mirrorRtoLUtoD	filter__flipMirror__mode__mirrorRtoLUtoD.dsl
filter__flipMirror__mode__mirrorRtoLDtoU	filter__flipMirror__mode__mirrorRtoLDtoU.dsl
filter__fxaa__strength__mid	filter__fxaa__strength__mid.dsl
filter__fxaa__sharpness__mid	filter__fxaa__sharpness__mid.dsl
filter__fxaa__threshold__mid	filter__fxaa__threshold__mid.dsl
filter__glowingEdge__shape__diamond	filter__glowingEdge__shape__diamond.dsl
filter__glowingEdge__shape__square	filter__glowingEdge__shape__square.dsl
filter__glowingEdge__shape__star	filter__glowingEdge__shape__star.dsl
filter__glowingEdge__width__mid	filter__glowingEdge__width__mid.dsl
filter__glowingEdge__alpha__mid	filter__glowingEdge__alpha__mid.dsl
filter__glyphMap__cellSize__mid	filter__glyphMap__cellSize__mid.dsl
filter__glyphMap__seed__mid	filter__glyphMap__seed__mid.dsl
filter__glyphMap__colorMode__mono	filter__glyphMap__colorMode__mono.dsl
filter__grade__preset__bleachBypass	filter__grade__preset__bleachBypass.dsl
filter__grade__preset__cinematic	filter__grade__preset__cinematic.dsl
filter__grade__preset__coolShadows	filter__grade__preset__coolShadows.dsl
filter__grade__preset__crossProcess	filter__grade__preset__crossProcess.dsl
filter__grade__preset__dayForNight	filter__grade__preset__dayForNight.dsl
filter__grade__preset__hardLight	filter__grade__preset__hardLight.dsl
filter__grade__preset__infrared	filter__grade__preset__infrared.dsl
filter__grade__preset__matrix	filter__grade__preset__matrix.dsl
filter__grade__preset__monochrome	filter__grade__preset__monochrome.dsl
filter__grade__preset__neon	filter__grade__preset__neon.dsl
filter__grade__preset__noir	filter__grade__preset__noir.dsl
filter__grade__preset__posterize	filter__grade__preset__posterize.dsl
filter__grade__preset__psychedelic	filter__grade__preset__psychedelic.dsl
filter__grade__preset__sepia	filter__grade__preset__sepia.dsl
filter__grade__preset__solarize	filter__grade__preset__solarize.dsl
filter__grade__preset__sunset	filter__grade__preset__sunset.dsl
filter__grade__preset__tealOrange	filter__grade__preset__tealOrange.dsl
filter__grade__preset__technicolor	filter__grade__preset__technicolor.dsl
filter__grade__preset__underwater	filter__grade__preset__underwater.dsl
filter__grade__preset__vintage	filter__grade__preset__vintage.dsl
filter__grade__preset__warmFilm	filter__grade__preset__warmFilm.dsl
filter__grade__alpha__mid	filter__grade__alpha__mid.dsl
filter__grade__temperature__mid	filter__grade__temperature__mid.dsl
filter__grade__tint__mid	filter__grade__tint__mid.dsl
filter__grade__exposure__mid	filter__grade__exposure__mid.dsl
filter__grade__contrast__mid	filter__grade__contrast__mid.dsl
filter__grade__highlights__mid	filter__grade__highlights__mid.dsl
filter__grade__shadows__mid	filter__grade__shadows__mid.dsl
filter__grade__whites__mid	filter__grade__whites__mid.dsl
filter__grade__blacks__mid	filter__grade__blacks__mid.dsl
filter__grade__saturation__mid	filter__grade__saturation__mid.dsl
filter__grade__vibrance__mid	filter__grade__vibrance__mid.dsl
filter__grade__fadedFilm__mid	filter__grade__fadedFilm__mid.dsl
filter__grade__splitToneBalance__mid	filter__grade__splitToneBalance__mid.dsl
filter__grade__curveShadows__mid	filter__grade__curveShadows__mid.dsl
filter__grade__curveMidtones__mid	filter__grade__curveMidtones__mid.dsl
filter__grade__curveHighlights__mid	filter__grade__curveHighlights__mid.dsl
filter__grade__wheelBalance__mid	filter__grade__wheelBalance__mid.dsl
filter__grade__hslEnable__mid	filter__grade__hslEnable__mid.dsl
filter__grade__hslHueCenter__mid	filter__grade__hslHueCenter__mid.dsl
filter__grade__hslHueRange__mid	filter__grade__hslHueRange__mid.dsl
filter__grade__hslSatMin__mid	filter__grade__hslSatMin__mid.dsl
filter__grade__hslSatMax__mid	filter__grade__hslSatMax__mid.dsl
filter__grade__hslLumMin__mid	filter__grade__hslLumMin__mid.dsl
filter__grade__hslLumMax__mid	filter__grade__hslLumMax__mid.dsl
filter__grade__hslFeather__mid	filter__grade__hslFeather__mid.dsl
filter__grade__hslHueShift__mid	filter__grade__hslHueShift__mid.dsl
filter__grade__hslSatAdjust__mid	filter__grade__hslSatAdjust__mid.dsl
filter__grade__hslLumAdjust__mid	filter__grade__hslLumAdjust__mid.dsl
filter__grade__vignetteAmount__mid	filter__grade__vignetteAmount__mid.dsl
filter__grade__vignetteMidpoint__mid	filter__grade__vignetteMidpoint__mid.dsl
filter__grade__vignetteRoundness__mid	filter__grade__vignetteRoundness__mid.dsl
filter__grade__vignetteFeather__mid	filter__grade__vignetteFeather__mid.dsl
filter__grade__vigHiProtect__mid	filter__grade__vigHiProtect__mid.dsl
filter__grain__alpha__mid	filter__grain__alpha__mid.dsl
filter__grain__pause__true	filter__grain__pause__true.dsl
filter__grime__strength__mid	filter__grime__strength__mid.dsl
filter__grime__seed__mid	filter__grime__seed__mid.dsl
filter__halftone__mode__mono	filter__halftone__mode__mono.dsl
filter__halftone__pattern__line	filter__halftone__pattern__line.dsl
filter__halftone__pattern__circle	filter__halftone__pattern__circle.dsl
filter__halftone__frequency__mid	filter__halftone__frequency__mid.dsl
filter__halftone__cyanAngle__mid	filter__halftone__cyanAngle__mid.dsl
filter__halftone__magentaAngle__mid	filter__halftone__magentaAngle__mid.dsl
filter__halftone__yellowAngle__mid	filter__halftone__yellowAngle__mid.dsl
filter__halftone__blackAngle__mid	filter__halftone__blackAngle__mid.dsl
filter__halftone__monoAngle__mid	filter__halftone__monoAngle__mid.dsl
filter__halftone__sharpness__mid	filter__halftone__sharpness__mid.dsl
filter__hatch__mode__charcoal	filter__hatch__mode__charcoal.dsl
filter__hatch__mode__chalkCharcoal	filter__hatch__mode__chalkCharcoal.dsl
filter__hatch__mode__conte	filter__hatch__mode__conte.dsl
filter__hatch__mode__crosshatch	filter__hatch__mode__crosshatch.dsl
filter__hatch__mode__coloredPencil	filter__hatch__mode__coloredPencil.dsl
filter__hatch__strokeLength__mid	filter__hatch__strokeLength__mid.dsl
filter__hatch__direction__horizontal	filter__hatch__direction__horizontal.dsl
filter__hatch__direction__leftDiag	filter__hatch__direction__leftDiag.dsl
filter__hatch__direction__vertical	filter__hatch__direction__vertical.dsl
filter__hatch__balance__mid	filter__hatch__balance__mid.dsl
filter__hatch__pressure__mid	filter__hatch__pressure__mid.dsl
filter__highPass__radius__mid	filter__highPass__radius__mid.dsl
filter__highPass__mono__true	filter__highPass__mono__true.dsl
filter__historicPalette__index__aboriginalDot	filter__historicPalette__index__aboriginalDot.dsl
filter__historicPalette__index__abstractExpressionism	filter__historicPalette__index__abstractExpressionism.dsl
filter__historicPalette__index__artDeco	filter__historicPalette__index__artDeco.dsl
filter__historicPalette__index__artNouveau	filter__historicPalette__index__artNouveau.dsl
filter__historicPalette__index__caveArt	filter__historicPalette__index__caveArt.dsl
filter__historicPalette__index__chineseInk	filter__historicPalette__index__chineseInk.dsl
filter__historicPalette__index__dutchGoldenAge	filter__historicPalette__index__dutchGoldenAge.dsl
filter__historicPalette__index__fauvism	filter__historicPalette__index__fauvism.dsl
filter__historicPalette__index__impressionism	filter__historicPalette__index__impressionism.dsl
filter__historicPalette__index__indianMiniature	filter__historicPalette__index__indianMiniature.dsl
filter__historicPalette__index__islamicGeometric	filter__historicPalette__index__islamicGeometric.dsl
filter__historicPalette__index__kenteCloth	filter__historicPalette__index__kenteCloth.dsl
filter__historicPalette__index__maoriCarving	filter__historicPalette__index__maoriCarving.dsl
filter__historicPalette__index__mexicanMuralism	filter__historicPalette__index__mexicanMuralism.dsl
filter__historicPalette__index__minimalism	filter__historicPalette__index__minimalism.dsl
filter__historicPalette__index__persianMiniature	filter__historicPalette__index__persianMiniature.dsl
filter__historicPalette__index__popArt	filter__historicPalette__index__popArt.dsl
filter__historicPalette__index__renaissance	filter__historicPalette__index__renaissance.dsl
filter__historicPalette__index__surrealism	filter__historicPalette__index__surrealism.dsl
filter__historicPalette__index__ukiyoe	filter__historicPalette__index__ukiyoe.dsl
filter__historicPalette__rotation__fwd	filter__historicPalette__rotation__fwd.dsl
filter__historicPalette__rotation__back	filter__historicPalette__rotation__back.dsl
filter__historicPalette__offset__mid	filter__historicPalette__offset__mid.dsl
filter__historicPalette__repeat__mid	filter__historicPalette__repeat__mid.dsl
filter__historicPalette__alpha__mid	filter__historicPalette__alpha__mid.dsl
filter__historicPalette__smoothness__mid	filter__historicPalette__smoothness__mid.dsl
filter__invert__mode__solarize	filter__invert__mode__solarize.dsl
filter__lens__displacement__mid	filter__lens__displacement__mid.dsl
filter__lens__aspectLens__false	filter__lens__aspectLens__false.dsl
filter__lens__antialias__false	filter__lens__antialias__false.dsl
filter__lensFlare__brightness__mid	filter__lensFlare__brightness__mid.dsl
filter__lensFlare__centerX__mid	filter__lensFlare__centerX__mid.dsl
filter__lensFlare__centerY__mid	filter__lensFlare__centerY__mid.dsl
filter__lensFlare__lensType__prime35	filter__lensFlare__lensType__prime35.dsl
filter__lensFlare__lensType__prime105	filter__lensFlare__lensType__prime105.dsl
filter__lensFlare__lensType__moviePrime	filter__lensFlare__lensType__moviePrime.dsl
filter__lensWarp__displacement__mid	filter__lensWarp__displacement__mid.dsl
filter__lensWarp__antialias__false	filter__lensWarp__antialias__false.dsl
filter__lightLeak__alpha__mid	filter__lightLeak__alpha__mid.dsl
filter__lightLeak__speed__mid	filter__lightLeak__speed__mid.dsl
filter__lightLeak__seed__mid	filter__lightLeak__seed__mid.dsl
filter__lighting__normalStrength__mid	filter__lighting__normalStrength__mid.dsl
filter__lighting__smoothing__mid	filter__lighting__smoothing__mid.dsl
filter__lighting__specularIntensity__mid	filter__lighting__specularIntensity__mid.dsl
filter__lighting__shininess__mid	filter__lighting__shininess__mid.dsl
filter__lighting__reflection__mid	filter__lighting__reflection__mid.dsl
filter__lighting__refraction__mid	filter__lighting__refraction__mid.dsl
filter__lighting__aberration__mid	filter__lighting__aberration__mid.dsl
filter__lowPoly__scale__mid	filter__lowPoly__scale__mid.dsl
filter__lowPoly__seed__mid	filter__lowPoly__seed__mid.dsl
filter__lowPoly__mode__flat	filter__lowPoly__mode__flat.dsl
filter__lowPoly__mode__distance2	filter__lowPoly__mode__distance2.dsl
filter__lowPoly__mode__distance3	filter__lowPoly__mode__distance3.dsl
filter__lowPoly__edgeStrength__mid	filter__lowPoly__edgeStrength__mid.dsl
filter__lowPoly__borderWidth__mid	filter__lowPoly__borderWidth__mid.dsl
filter__lowPoly__lightIntensity__mid	filter__lowPoly__lightIntensity__mid.dsl
filter__lowPoly__alpha__mid	filter__lowPoly__alpha__mid.dsl
filter__lowPoly__speed__mid	filter__lowPoly__speed__mid.dsl
filter__median__radius__mid	filter__median__radius__mid.dsl
filter__median__threshold__mid	filter__median__threshold__mid.dsl
filter__morphology__mode__erode	filter__morphology__mode__erode.dsl
filter__morphology__radius__mid	filter__morphology__radius__mid.dsl
filter__morphology__shape__round	filter__morphology__shape__round.dsl
filter__mosaicTiles__mode__shifted	filter__mosaicTiles__mode__shifted.dsl
filter__mosaicTiles__tileSize__mid	filter__mosaicTiles__tileSize__mid.dsl
filter__mosaicTiles__groutWidth__mid	filter__mosaicTiles__groutWidth__mid.dsl
filter__mosaicTiles__relief__mid	filter__mosaicTiles__relief__mid.dsl
filter__mosaicTiles__maxOffset__mid	filter__mosaicTiles__maxOffset__mid.dsl
filter__mosaicTiles__gapFill__inverse	filter__mosaicTiles__gapFill__inverse.dsl
filter__mosaicTiles__gapFill__unaltered	filter__mosaicTiles__gapFill__unaltered.dsl
filter__mosaicTiles__seed__mid	filter__mosaicTiles__seed__mid.dsl
filter__motionBlur__amount__mid	filter__motionBlur__amount__mid.dsl
filter__octaveWarp__freq__mid	filter__octaveWarp__freq__mid.dsl
filter__octaveWarp__octaves__mid	filter__octaveWarp__octaves__mid.dsl
filter__octaveWarp__displacement__mid	filter__octaveWarp__displacement__mid.dsl
filter__octaveWarp__speed__mid	filter__octaveWarp__speed__mid.dsl
filter__octaveWarp__seed__mid	filter__octaveWarp__seed__mid.dsl
filter__octaveWarp__wrap__repeat	filter__octaveWarp__wrap__repeat.dsl
filter__octaveWarp__wrap__clamp	filter__octaveWarp__wrap__clamp.dsl
filter__octaveWarp__antialias__false	filter__octaveWarp__antialias__false.dsl
filter__oilPaint__mode__facet	filter__oilPaint__mode__facet.dsl
filter__oilPaint__mode__dryBrush	filter__oilPaint__mode__dryBrush.dsl
filter__oilPaint__mode__fresco	filter__oilPaint__mode__fresco.dsl
filter__oilPaint__mode__knife	filter__oilPaint__mode__knife.dsl
filter__oilPaint__mode__sponge	filter__oilPaint__mode__sponge.dsl
filter__oilPaint__size__mid	filter__oilPaint__size__mid.dsl
filter__oilPaint__detail__mid	filter__oilPaint__detail__mid.dsl
filter__oilPaint__texture__mid	filter__oilPaint__texture__mid.dsl
filter__oilPaint__seed__mid	filter__oilPaint__seed__mid.dsl
filter__osd__alpha__mid	filter__osd__alpha__mid.dsl
filter__osd__seed__mid	filter__osd__seed__mid.dsl
filter__osd__speed__mid	filter__osd__speed__mid.dsl
filter__osd__corner__topLeft	filter__osd__corner__topLeft.dsl
filter__osd__corner__topRight	filter__osd__corner__topRight.dsl
filter__osd__corner__bottomLeft	filter__osd__corner__bottomLeft.dsl
filter__outline__shape__diamond	filter__outline__shape__diamond.dsl
filter__outline__shape__square	filter__outline__shape__square.dsl
filter__outline__shape__octagon	filter__outline__shape__octagon.dsl
filter__outline__thickness__mid	filter__outline__thickness__mid.dsl
filter__outline__invert__true	filter__outline__invert__true.dsl
filter__palette__rotation__fwd	filter__palette__rotation__fwd.dsl
filter__palette__rotation__back	filter__palette__rotation__back.dsl
filter__palette__offset__mid	filter__palette__offset__mid.dsl
filter__palette__repeat__mid	filter__palette__repeat__mid.dsl
filter__palette__alpha__mid	filter__palette__alpha__mid.dsl
filter__parallax__pivot__mid	filter__parallax__pivot__mid.dsl
filter__patchwork__squareSize__mid	filter__patchwork__squareSize__mid.dsl
filter__patchwork__relief__mid	filter__patchwork__relief__mid.dsl
filter__patchwork__lightAngle__mid	filter__patchwork__lightAngle__mid.dsl
filter__photocopy__detail__mid	filter__photocopy__detail__mid.dsl
filter__photocopy__darkness__mid	filter__photocopy__darkness__mid.dsl
filter__pinch__strength__mid	filter__pinch__strength__mid.dsl
filter__pinch__aspectLens__false	filter__pinch__aspectLens__false.dsl
filter__pinch__wrap__repeat	filter__pinch__wrap__repeat.dsl
filter__pinch__wrap__clamp	filter__pinch__wrap__clamp.dsl
filter__pinch__rotation__mid	filter__pinch__rotation__mid.dsl
filter__pinch__antialias__false	filter__pinch__antialias__false.dsl
filter__pixelSort__angled__mid	filter__pixelSort__angled__mid.dsl
filter__pixelSort__darkest__true	filter__pixelSort__darkest__true.dsl
filter__pixelSort__wrap__repeat	filter__pixelSort__wrap__repeat.dsl
filter__pixelSort__wrap__clamp	filter__pixelSort__wrap__clamp.dsl
filter__pixelSort__alpha__mid	filter__pixelSort__alpha__mid.dsl
filter__pixels__size__mid	filter__pixels__size__mid.dsl
filter__plasticWrap__highlight__mid	filter__plasticWrap__highlight__mid.dsl
filter__plasticWrap__detail__mid	filter__plasticWrap__detail__mid.dsl
filter__plasticWrap__smoothness__mid	filter__plasticWrap__smoothness__mid.dsl
filter__polar__mode__vortex	filter__polar__mode__vortex.dsl
filter__polar__scale__mid	filter__polar__scale__mid.dsl
filter__polar__rotation__mid	filter__polar__rotation__mid.dsl
filter__polar__speed__mid	filter__polar__speed__mid.dsl
filter__polar__aspectLens__false	filter__polar__aspectLens__false.dsl
filter__polar__antialias__false	filter__polar__antialias__false.dsl
filter__pondRipples__amount__mid	filter__pondRipples__amount__mid.dsl
filter__pondRipples__ridges__mid	filter__pondRipples__ridges__mid.dsl
filter__pondRipples__speed__mid	filter__pondRipples__speed__mid.dsl
filter__pondRipples__style__aroundCenter	filter__pondRipples__style__aroundCenter.dsl
filter__pondRipples__style__outFromCenter	filter__pondRipples__style__outFromCenter.dsl
filter__pondRipples__wrap__repeat	filter__pondRipples__wrap__repeat.dsl
filter__pondRipples__wrap__clamp	filter__pondRipples__wrap__clamp.dsl
filter__pondRipples__antialias__false	filter__pondRipples__antialias__false.dsl
filter__posterize__levels__mid	filter__posterize__levels__mid.dsl
filter__posterize__gamma__mid	filter__posterize__gamma__mid.dsl
filter__posterize__antialias__false	filter__posterize__antialias__false.dsl
filter__prismaticAberration__aberration__mid	filter__prismaticAberration__aberration__mid.dsl
filter__prismaticAberration__modulate__true	filter__prismaticAberration__modulate__true.dsl
filter__prismaticAberration__hueRotation__mid	filter__prismaticAberration__hueRotation__mid.dsl
filter__prismaticAberration__hueRange__mid	filter__prismaticAberration__hueRange__mid.dsl
filter__prismaticAberration__saturation__mid	filter__prismaticAberration__saturation__mid.dsl
filter__prismaticAberration__passthru__mid	filter__prismaticAberration__passthru__mid.dsl
filter__reindex__displacement__mid	filter__reindex__displacement__mid.dsl
filter__relief__mode__plaster	filter__relief__mode__plaster.dsl
filter__relief__mode__notePaper	filter__relief__mode__notePaper.dsl
filter__relief__smoothness__mid	filter__relief__smoothness__mid.dsl
filter__relief__detail__mid	filter__relief__detail__mid.dsl
filter__relief__lightAngle__mid	filter__relief__lightAngle__mid.dsl
filter__relief__balance__mid	filter__relief__balance__mid.dsl
filter__relief__graininess__mid	filter__relief__graininess__mid.dsl
filter__repeat__x__mid	filter__repeat__x__mid.dsl
filter__repeat__y__mid	filter__repeat__y__mid.dsl
filter__repeat__offsetX__mid	filter__repeat__offsetX__mid.dsl
filter__repeat__offsetY__mid	filter__repeat__offsetY__mid.dsl
filter__repeat__wrap__mirror	filter__repeat__wrap__mirror.dsl
filter__repeat__wrap__clamp	filter__repeat__wrap__clamp.dsl
filter__reverb__iterations__mid	filter__reverb__iterations__mid.dsl
filter__reverb__ridges__true	filter__reverb__ridges__true.dsl
filter__reverb__alpha__mid	filter__reverb__alpha__mid.dsl
filter__reverb__wrap__repeat	filter__reverb__wrap__repeat.dsl
filter__reverb__wrap__clamp	filter__reverb__wrap__clamp.dsl
filter__ridge__level__mid	filter__ridge__level__mid.dsl
filter__rotate__rotation__mid	filter__rotate__rotation__mid.dsl
filter__rotate__wrap__mirror	filter__rotate__wrap__mirror.dsl
filter__rotate__wrap__clamp	filter__rotate__wrap__clamp.dsl
filter__rotate__speed__mid	filter__rotate__speed__mid.dsl
filter__scale__x__mid	filter__scale__x__mid.dsl
filter__scale__y__mid	filter__scale__y__mid.dsl
filter__scale__centerX__mid	filter__scale__centerX__mid.dsl
filter__scale__centerY__mid	filter__scale__centerY__mid.dsl
filter__scale__wrap__mirror	filter__scale__wrap__mirror.dsl
filter__scale__wrap__clamp	filter__scale__wrap__clamp.dsl
filter__scanlineError__mode__scanline	filter__scanlineError__mode__scanline.dsl
filter__scanlineError__timeOffset__mid	filter__scanlineError__timeOffset__mid.dsl
filter__scanlineError__distortion__mid	filter__scanlineError__distortion__mid.dsl
filter__scanlineError__noise__mid	filter__scanlineError__noise__mid.dsl
filter__scanlineError__speed__mid	filter__scanlineError__speed__mid.dsl
filter__scatter__radius__mid	filter__scatter__radius__mid.dsl
filter__scatter__mode__darkenOnly	filter__scatter__mode__darkenOnly.dsl
filter__scatter__mode__lightenOnly	filter__scatter__mode__lightenOnly.dsl
filter__scatter__mode__anisotropic	filter__scatter__mode__anisotropic.dsl
filter__scatter__mode__clumped	filter__scatter__mode__clumped.dsl
filter__scatter__smoothness__mid	filter__scatter__smoothness__mid.dsl
filter__scatter__seed__mid	filter__scatter__seed__mid.dsl
filter__scratches__density__mid	filter__scratches__density__mid.dsl
filter__scratches__alpha__mid	filter__scratches__alpha__mid.dsl
filter__scratches__seed__mid	filter__scratches__seed__mid.dsl
filter__scroll__x__mid	filter__scroll__x__mid.dsl
filter__scroll__y__mid	filter__scroll__y__mid.dsl
filter__scroll__speedX__mid	filter__scroll__speedX__mid.dsl
filter__scroll__speedY__mid	filter__scroll__speedY__mid.dsl
filter__scroll__wrap__mirror	filter__scroll__wrap__mirror.dsl
filter__scroll__wrap__clamp	filter__scroll__wrap__clamp.dsl
filter__seamless__blend__mid	filter__seamless__blend__mid.dsl
filter__seamless__repeat__mid	filter__seamless__repeat__mid.dsl
filter__seamless__curve__linear	filter__seamless__curve__linear.dsl
filter__seamless__curve__sharp	filter__seamless__curve__sharp.dsl
filter__sharpen__amount__mid	filter__sharpen__amount__mid.dsl
filter__simpleAberration__displacement__mid	filter__simpleAberration__displacement__mid.dsl
filter__sine__amount__mid	filter__sine__amount__mid.dsl
filter__sine__colorMode__mono	filter__sine__colorMode__mono.dsl
filter__skew__skew__mid	filter__skew__skew__mid.dsl
filter__skew__rotate__mid	filter__skew__rotate__mid.dsl
filter__skew__wrap__clamp	filter__skew__wrap__clamp.dsl
filter__skew__wrap__repeat	filter__skew__wrap__repeat.dsl
filter__smooth__type__smaa	filter__smooth__type__smaa.dsl
filter__smooth__type__blur	filter__smooth__type__blur.dsl
filter__smooth__strength__mid	filter__smooth__strength__mid.dsl
filter__smooth__threshold__mid	filter__smooth__threshold__mid.dsl
filter__smooth__radius__mid	filter__smooth__radius__mid.dsl
filter__smooth__samples__x2	filter__smooth__samples__x2.dsl
filter__smooth__samples__x8	filter__smooth__samples__x8.dsl
filter__smooth__searchSteps__mid	filter__smooth__searchSteps__mid.dsl
filter__smoothstep__edge0__mid	filter__smoothstep__edge0__mid.dsl
filter__smoothstep__edge1__mid	filter__smoothstep__edge1__mid.dsl
filter__snow__alpha__mid	filter__snow__alpha__mid.dsl
filter__snow__pause__true	filter__snow__pause__true.dsl
filter__snow__density__mid	filter__snow__density__mid.dsl
filter__sobel__amount__mid	filter__sobel__amount__mid.dsl
filter__sobel__alpha__mid	filter__sobel__alpha__mid.dsl
filter__spatter__density__mid	filter__spatter__density__mid.dsl
filter__spatter__alpha__mid	filter__spatter__alpha__mid.dsl
filter__spatter__seed__mid	filter__spatter__seed__mid.dsl
filter__spinBlur__amount__mid	filter__spinBlur__amount__mid.dsl
filter__spinBlur__centerX__mid	filter__spinBlur__centerX__mid.dsl
filter__spinBlur__centerY__mid	filter__spinBlur__centerY__mid.dsl
filter__spiral__strength__mid	filter__spiral__strength__mid.dsl
filter__spiral__speed__mid	filter__spiral__speed__mid.dsl
filter__spiral__rotation__mid	filter__spiral__rotation__mid.dsl
filter__spiral__wrap__repeat	filter__spiral__wrap__repeat.dsl
filter__spiral__wrap__clamp	filter__spiral__wrap__clamp.dsl
filter__spiral__aspectLens__false	filter__spiral__aspectLens__false.dsl
filter__spiral__antialias__false	filter__spiral__antialias__false.dsl
filter__spookyTicker__rows__mid	filter__spookyTicker__rows__mid.dsl
filter__spookyTicker__seed__mid	filter__spookyTicker__seed__mid.dsl
filter__spookyTicker__alpha__mid	filter__spookyTicker__alpha__mid.dsl
filter__spookyTicker__speed__mid	filter__spookyTicker__speed__mid.dsl
filter__stamp__smoothness__mid	filter__stamp__smoothness__mid.dsl
filter__stamp__balance__mid	filter__stamp__balance__mid.dsl
filter__stamp__roughness__mid	filter__stamp__roughness__mid.dsl
filter__step__threshold__mid	filter__step__threshold__mid.dsl
filter__step__antialias__false	filter__step__antialias__false.dsl
filter__stipple__mode__mezzoDots	filter__stipple__mode__mezzoDots.dsl
filter__stipple__mode__mezzoLines	filter__stipple__mode__mezzoLines.dsl
filter__stipple__mode__mezzoStrokes	filter__stipple__mode__mezzoStrokes.dsl
filter__stipple__mode__reticulation	filter__stipple__mode__reticulation.dsl
filter__stipple__cellSize__mid	filter__stipple__cellSize__mid.dsl
filter__stipple__grainSize__mid	filter__stipple__grainSize__mid.dsl
filter__stipple__density__mid	filter__stipple__density__mid.dsl
filter__stipple__seed__mid	filter__stipple__seed__mid.dsl
filter__strayHair__density__mid	filter__strayHair__density__mid.dsl
filter__strayHair__seed__mid	filter__strayHair__seed__mid.dsl
filter__strayHair__alpha__mid	filter__strayHair__alpha__mid.dsl
filter__strokes__mode__sprayed	filter__strokes__mode__sprayed.dsl
filter__strokes__mode__dark	filter__strokes__mode__dark.dsl
filter__strokes__mode__sumiE	filter__strokes__mode__sumiE.dsl
filter__strokes__mode__smudge	filter__strokes__mode__smudge.dsl
filter__strokes__length__mid	filter__strokes__length__mid.dsl
filter__strokes__balance__mid	filter__strokes__balance__mid.dsl
filter__strokes__intensity__mid	filter__strokes__intensity__mid.dsl
filter__strokes__sharpness__mid	filter__strokes__sharpness__mid.dsl
filter__temporalAberration__redDelay__mid	filter__temporalAberration__redDelay__mid.dsl
filter__temporalAberration__greenDelay__mid	filter__temporalAberration__greenDelay__mid.dsl
filter__temporalAberration__blueDelay__mid	filter__temporalAberration__blueDelay__mid.dsl
filter__tetraColorArray__colorMode__hsv	filter__tetraColorArray__colorMode__hsv.dsl
filter__tetraColorArray__colorMode__oklab	filter__tetraColorArray__colorMode__oklab.dsl
filter__tetraColorArray__colorMode__oklch	filter__tetraColorArray__colorMode__oklch.dsl
filter__tetraColorArray__colorCount__mid	filter__tetraColorArray__colorCount__mid.dsl
filter__tetraColorArray__positionMode__manual	filter__tetraColorArray__positionMode__manual.dsl
filter__tetraColorArray__pos0__mid	filter__tetraColorArray__pos0__mid.dsl
filter__tetraColorArray__pos1__mid	filter__tetraColorArray__pos1__mid.dsl
filter__tetraColorArray__pos2__mid	filter__tetraColorArray__pos2__mid.dsl
filter__tetraColorArray__pos3__mid	filter__tetraColorArray__pos3__mid.dsl
filter__tetraColorArray__pos4__mid	filter__tetraColorArray__pos4__mid.dsl
filter__tetraColorArray__pos5__mid	filter__tetraColorArray__pos5__mid.dsl
filter__tetraColorArray__pos6__mid	filter__tetraColorArray__pos6__mid.dsl
filter__tetraColorArray__pos7__mid	filter__tetraColorArray__pos7__mid.dsl
filter__tetraColorArray__rotation__fwd	filter__tetraColorArray__rotation__fwd.dsl
filter__tetraColorArray__rotation__back	filter__tetraColorArray__rotation__back.dsl
filter__tetraColorArray__repeat__mid	filter__tetraColorArray__repeat__mid.dsl
filter__tetraColorArray__offset__mid	filter__tetraColorArray__offset__mid.dsl
filter__tetraColorArray__alpha__mid	filter__tetraColorArray__alpha__mid.dsl
filter__tetraColorArray__smoothness__mid	filter__tetraColorArray__smoothness__mid.dsl
filter__tetraCosine__colorMode__hsv	filter__tetraCosine__colorMode__hsv.dsl
filter__tetraCosine__colorMode__oklab	filter__tetraCosine__colorMode__oklab.dsl
filter__tetraCosine__colorMode__oklch	filter__tetraCosine__colorMode__oklch.dsl
filter__tetraCosine__offsetR__mid	filter__tetraCosine__offsetR__mid.dsl
filter__tetraCosine__offsetG__mid	filter__tetraCosine__offsetG__mid.dsl
filter__tetraCosine__offsetB__mid	filter__tetraCosine__offsetB__mid.dsl
filter__tetraCosine__ampR__mid	filter__tetraCosine__ampR__mid.dsl
filter__tetraCosine__ampG__mid	filter__tetraCosine__ampG__mid.dsl
filter__tetraCosine__ampB__mid	filter__tetraCosine__ampB__mid.dsl
filter__tetraCosine__freqR__mid	filter__tetraCosine__freqR__mid.dsl
filter__tetraCosine__freqG__mid	filter__tetraCosine__freqG__mid.dsl
filter__tetraCosine__freqB__mid	filter__tetraCosine__freqB__mid.dsl
filter__tetraCosine__phaseR__mid	filter__tetraCosine__phaseR__mid.dsl
filter__tetraCosine__phaseG__mid	filter__tetraCosine__phaseG__mid.dsl
filter__tetraCosine__phaseB__mid	filter__tetraCosine__phaseB__mid.dsl
filter__tetraCosine__rotation__fwd	filter__tetraCosine__rotation__fwd.dsl
filter__tetraCosine__rotation__back	filter__tetraCosine__rotation__back.dsl
filter__tetraCosine__repeat__mid	filter__tetraCosine__repeat__mid.dsl
filter__tetraCosine__offset__mid	filter__tetraCosine__offset__mid.dsl
filter__tetraCosine__alpha__mid	filter__tetraCosine__alpha__mid.dsl
filter__texture__mode__canvas	filter__texture__mode__canvas.dsl
filter__texture__mode__crosshatch	filter__texture__mode__crosshatch.dsl
filter__texture__mode__halftone	filter__texture__mode__halftone.dsl
filter__texture__mode__stucco	filter__texture__mode__stucco.dsl
filter__texture__mode__regular	filter__texture__mode__regular.dsl
filter__texture__mode__soft	filter__texture__mode__soft.dsl
filter__texture__mode__sprinkles	filter__texture__mode__sprinkles.dsl
filter__texture__mode__clumped	filter__texture__mode__clumped.dsl
filter__texture__mode__contrasty	filter__texture__mode__contrasty.dsl
filter__texture__mode__enlarged	filter__texture__mode__enlarged.dsl
filter__texture__mode__stippled	filter__texture__mode__stippled.dsl
filter__texture__mode__horizontal	filter__texture__mode__horizontal.dsl
filter__texture__mode__vertical	filter__texture__mode__vertical.dsl
filter__texture__mode__speckle	filter__texture__mode__speckle.dsl
filter__texture__alpha__mid	filter__texture__alpha__mid.dsl
filter__texture__scale__mid	filter__texture__scale__mid.dsl
filter__texture__intensity__mid	filter__texture__intensity__mid.dsl
filter__texture__contrast__mid	filter__texture__contrast__mid.dsl
filter__texture__mono__false	filter__texture__mono__false.dsl
filter__threshold__level__mid	filter__threshold__level__mid.dsl
filter__threshold__sharpness__mid	filter__threshold__sharpness__mid.dsl
filter__tile__symmetry__rotate2	filter__tile__symmetry__rotate2.dsl
filter__tile__symmetry__rotate4	filter__tile__symmetry__rotate4.dsl
filter__tile__symmetry__rotate6	filter__tile__symmetry__rotate6.dsl
filter__tile__scale__mid	filter__tile__scale__mid.dsl
filter__tile__offsetX__mid	filter__tile__offsetX__mid.dsl
filter__tile__offsetY__mid	filter__tile__offsetY__mid.dsl
filter__tile__angle__mid	filter__tile__angle__mid.dsl
filter__tile__repeat__mid	filter__tile__repeat__mid.dsl
filter__tile__aspectLens__false	filter__tile__aspectLens__false.dsl
filter__tint__alpha__mid	filter__tint__alpha__mid.dsl
filter__tint__mode__multiply	filter__tint__mode__multiply.dsl
filter__tint__mode__recolor	filter__tint__mode__recolor.dsl
filter__translate__x__mid	filter__translate__x__mid.dsl
filter__translate__y__mid	filter__translate__y__mid.dsl
filter__translate__wrap__mirror	filter__translate__wrap__mirror.dsl
filter__translate__wrap__clamp	filter__translate__wrap__clamp.dsl
filter__tunnel__shape__triangle	filter__tunnel__shape__triangle.dsl
filter__tunnel__shape__roundedRect	filter__tunnel__shape__roundedRect.dsl
filter__tunnel__shape__square	filter__tunnel__shape__square.dsl
filter__tunnel__shape__hexagon	filter__tunnel__shape__hexagon.dsl
filter__tunnel__shape__octagon	filter__tunnel__shape__octagon.dsl
filter__tunnel__scale__mid	filter__tunnel__scale__mid.dsl
filter__tunnel__speed__mid	filter__tunnel__speed__mid.dsl
filter__tunnel__rotation__mid	filter__tunnel__rotation__mid.dsl
filter__tunnel__center__mid	filter__tunnel__center__mid.dsl
filter__tunnel__aspectLens__false	filter__tunnel__aspectLens__false.dsl
filter__tunnel__antialias__false	filter__tunnel__antialias__false.dsl
filter__unsharpMask__amount__mid	filter__unsharpMask__amount__mid.dsl
filter__unsharpMask__radius__mid	filter__unsharpMask__radius__mid.dsl
filter__unsharpMask__threshold__mid	filter__unsharpMask__threshold__mid.dsl
filter__vaseline__alpha__mid	filter__vaseline__alpha__mid.dsl
filter__vignette__brightness__mid	filter__vignette__brightness__mid.dsl
filter__vignette__alpha__mid	filter__vignette__alpha__mid.dsl
filter__warp__strength__mid	filter__warp__strength__mid.dsl
filter__warp__scale__mid	filter__warp__scale__mid.dsl
filter__warp__seed__mid	filter__warp__seed__mid.dsl
filter__warp__speed__mid	filter__warp__speed__mid.dsl
filter__warp__wrap__repeat	filter__warp__wrap__repeat.dsl
filter__warp__wrap__clamp	filter__warp__wrap__clamp.dsl
filter__warp__antialias__false	filter__warp__antialias__false.dsl
filter__watercolor__detail__mid	filter__watercolor__detail__mid.dsl
filter__watercolor__shadowIntensity__mid	filter__watercolor__shadowIntensity__mid.dsl
filter__watercolor__paperTexture__mid	filter__watercolor__paperTexture__mid.dsl
filter__waves__strength__mid	filter__waves__strength__mid.dsl
filter__waves__scale__mid	filter__waves__scale__mid.dsl
filter__waves__speed__mid	filter__waves__speed__mid.dsl
filter__waves__wrap__repeat	filter__waves__wrap__repeat.dsl
filter__waves__wrap__clamp	filter__waves__wrap__clamp.dsl
filter__waves__rotation__mid	filter__waves__rotation__mid.dsl
filter__waves__antialias__false	filter__waves__antialias__false.dsl
filter__wind__method__wind	filter__wind__method__wind.dsl
filter__wind__method__stagger	filter__wind__method__stagger.dsl
filter__wind__direction__fromRight	filter__wind__direction__fromRight.dsl
filter__wind__strength__mid	filter__wind__strength__mid.dsl
filter__wind__threshold__mid	filter__wind__threshold__mid.dsl
filter__wobble__speed__mid	filter__wobble__speed__mid.dsl
filter__wobble__range__mid	filter__wobble__range__mid.dsl
filter__wobble__wrap__repeat	filter__wobble__wrap__repeat.dsl
filter__wobble__wrap__clamp	filter__wobble__wrap__clamp.dsl
filter__wormhole__kink__mid	filter__wormhole__kink__mid.dsl
filter__wormhole__stride__mid	filter__wormhole__stride__mid.dsl
filter__wormhole__rotation__mid	filter__wormhole__rotation__mid.dsl
filter__wormhole__wrap__mirror	filter__wormhole__wrap__mirror.dsl
filter__wormhole__wrap__clamp	filter__wormhole__wrap__clamp.dsl
filter__wormhole__alpha__mid	filter__wormhole__alpha__mid.dsl
filter__zoomBlur__strength__mid	filter__zoomBlur__strength__mid.dsl
filter3d__flow3d__volumeSize__x16	filter3d__flow3d__volumeSize__x16.dsl
filter3d__flow3d__volumeSize__x64	filter3d__flow3d__volumeSize__x64.dsl
filter3d__flow3d__volumeSize__x128	filter3d__flow3d__volumeSize__x128.dsl
filter3d__flow3d__behavior__none	filter3d__flow3d__behavior__none.dsl
filter3d__flow3d__behavior__crosshatch	filter3d__flow3d__behavior__crosshatch.dsl
filter3d__flow3d__behavior__unruly	filter3d__flow3d__behavior__unruly.dsl
filter3d__flow3d__behavior__chaotic	filter3d__flow3d__behavior__chaotic.dsl
filter3d__flow3d__behavior__randomMix	filter3d__flow3d__behavior__randomMix.dsl
filter3d__flow3d__behavior__meandering	filter3d__flow3d__behavior__meandering.dsl
filter3d__flow3d__density__mid	filter3d__flow3d__density__mid.dsl
filter3d__flow3d__stride__mid	filter3d__flow3d__stride__mid.dsl
filter3d__flow3d__strideDeviation__mid	filter3d__flow3d__strideDeviation__mid.dsl
filter3d__flow3d__kink__mid	filter3d__flow3d__kink__mid.dsl
filter3d__flow3d__intensity__mid	filter3d__flow3d__intensity__mid.dsl
filter3d__flow3d__inputIntensity__mid	filter3d__flow3d__inputIntensity__mid.dsl
filter3d__flow3d__lifetime__mid	filter3d__flow3d__lifetime__mid.dsl
filter3d__palette3d__volumeSize__x16	filter3d__palette3d__volumeSize__x16.dsl
filter3d__palette3d__volumeSize__x32	filter3d__palette3d__volumeSize__x32.dsl
filter3d__palette3d__volumeSize__x128	filter3d__palette3d__volumeSize__x128.dsl
filter3d__palette3d__rotation__fwd	filter3d__palette3d__rotation__fwd.dsl
filter3d__palette3d__rotation__back	filter3d__palette3d__rotation__back.dsl
filter3d__palette3d__offset__mid	filter3d__palette3d__offset__mid.dsl
filter3d__palette3d__repeat__mid	filter3d__palette3d__repeat__mid.dsl
filter3d__palette3d__alpha__mid	filter3d__palette3d__alpha__mid.dsl
mixer__alphaMask__mix__mid	mixer__alphaMask__mix__mid.dsl
mixer__alphaMask__maskMode__true	mixer__alphaMask__maskMode__true.dsl
mixer__applyMode__mode__hue	mixer__applyMode__mode__hue.dsl
mixer__applyMode__mode__saturation	mixer__applyMode__mode__saturation.dsl
mixer__applyMode__mix__mid	mixer__applyMode__mix__mid.dsl
mixer__blendMode__mode__burn	mixer__blendMode__mode__burn.dsl
mixer__blendMode__mode__darken	mixer__blendMode__mode__darken.dsl
mixer__blendMode__mode__diff	mixer__blendMode__mode__diff.dsl
mixer__blendMode__mode__dodge	mixer__blendMode__mode__dodge.dsl
mixer__blendMode__mode__exclusion	mixer__blendMode__mode__exclusion.dsl
mixer__blendMode__mode__hardLight	mixer__blendMode__mode__hardLight.dsl
mixer__blendMode__mode__lighten	mixer__blendMode__mode__lighten.dsl
mixer__blendMode__mode__mix	mixer__blendMode__mode__mix.dsl
mixer__blendMode__mode__multiply	mixer__blendMode__mode__multiply.dsl
mixer__blendMode__mode__negation	mixer__blendMode__mode__negation.dsl
mixer__blendMode__mode__overlay	mixer__blendMode__mode__overlay.dsl
mixer__blendMode__mode__phoenix	mixer__blendMode__mode__phoenix.dsl
mixer__blendMode__mode__screen	mixer__blendMode__mode__screen.dsl
mixer__blendMode__mode__softLight	mixer__blendMode__mode__softLight.dsl
mixer__blendMode__mode__subtract	mixer__blendMode__mode__subtract.dsl
mixer__blendMode__mix__mid	mixer__blendMode__mix__mid.dsl
mixer__cellSplit__invert__sourceB	mixer__cellSplit__invert__sourceB.dsl
mixer__cellSplit__mode__split	mixer__cellSplit__mode__split.dsl
mixer__cellSplit__scale__mid	mixer__cellSplit__scale__mid.dsl
mixer__cellSplit__edgeWidth__mid	mixer__cellSplit__edgeWidth__mid.dsl
mixer__cellSplit__seed__mid	mixer__cellSplit__seed__mid.dsl
mixer__cellSplit__speed__mid	mixer__cellSplit__speed__mid.dsl
mixer__centerMask__blendMode__add	mixer__centerMask__blendMode__add.dsl
mixer__centerMask__blendMode__burn	mixer__centerMask__blendMode__burn.dsl
mixer__centerMask__blendMode__darken	mixer__centerMask__blendMode__darken.dsl
mixer__centerMask__blendMode__diff	mixer__centerMask__blendMode__diff.dsl
mixer__centerMask__blendMode__dodge	mixer__centerMask__blendMode__dodge.dsl
mixer__centerMask__blendMode__exclusion	mixer__centerMask__blendMode__exclusion.dsl
mixer__centerMask__blendMode__hardLight	mixer__centerMask__blendMode__hardLight.dsl
mixer__centerMask__blendMode__lighten	mixer__centerMask__blendMode__lighten.dsl
mixer__centerMask__blendMode__multiply	mixer__centerMask__blendMode__multiply.dsl
mixer__centerMask__blendMode__negation	mixer__centerMask__blendMode__negation.dsl
mixer__centerMask__blendMode__overlay	mixer__centerMask__blendMode__overlay.dsl
mixer__centerMask__blendMode__phoenix	mixer__centerMask__blendMode__phoenix.dsl
mixer__centerMask__blendMode__screen	mixer__centerMask__blendMode__screen.dsl
mixer__centerMask__blendMode__softLight	mixer__centerMask__blendMode__softLight.dsl
mixer__centerMask__blendMode__subtract	mixer__centerMask__blendMode__subtract.dsl
mixer__centerMask__shape__circle	mixer__centerMask__shape__circle.dsl
mixer__centerMask__shape__diamond	mixer__centerMask__shape__diamond.dsl
mixer__centerMask__hardness__mid	mixer__centerMask__hardness__mid.dsl
mixer__centerMask__mix__mid	mixer__centerMask__mix__mid.dsl
mixer__channelCombine__rLevel__mid	mixer__channelCombine__rLevel__mid.dsl
mixer__channelCombine__gLevel__mid	mixer__channelCombine__gLevel__mid.dsl
mixer__channelCombine__bLevel__mid	mixer__channelCombine__bLevel__mid.dsl
mixer__distortion__mapSource__sourceA	mixer__distortion__mapSource__sourceA.dsl
mixer__distortion__mode__displace	mixer__distortion__mode__displace.dsl
mixer__distortion__mode__reflect	mixer__distortion__mode__reflect.dsl
mixer__distortion__intensity__mid	mixer__distortion__intensity__mid.dsl
mixer__distortion__wrap__clamp	mixer__distortion__wrap__clamp.dsl
mixer__distortion__wrap__repeat	mixer__distortion__wrap__repeat.dsl
mixer__distortion__smoothing__mid	mixer__distortion__smoothing__mid.dsl
mixer__distortion__aberration__mid	mixer__distortion__aberration__mid.dsl
mixer__distortion__antialias__true	mixer__distortion__antialias__true.dsl
mixer__focusBlur__depthSource__sourceA	mixer__focusBlur__depthSource__sourceA.dsl
mixer__focusBlur__focalDistance__mid	mixer__focusBlur__focalDistance__mid.dsl
mixer__focusBlur__aperture__mid	mixer__focusBlur__aperture__mid.dsl
mixer__focusBlur__sampleBias__mid	mixer__focusBlur__sampleBias__mid.dsl
mixer__mashup__layers__mid	mixer__mashup__layers__mid.dsl
mixer__mashup__smoothness__mid	mixer__mashup__smoothness__mid.dsl
mixer__patternMix__invert__sourceA	mixer__patternMix__invert__sourceA.dsl
mixer__patternMix__type__checkerboard	mixer__patternMix__type__checkerboard.dsl
mixer__patternMix__type__concentricRings	mixer__patternMix__type__concentricRings.dsl
mixer__patternMix__type__dots	mixer__patternMix__type__dots.dsl
mixer__patternMix__type__grid	mixer__patternMix__type__grid.dsl
mixer__patternMix__type__hexagons	mixer__patternMix__type__hexagons.dsl
mixer__patternMix__type__radialLines	mixer__patternMix__type__radialLines.dsl
mixer__patternMix__type__spiral	mixer__patternMix__type__spiral.dsl
mixer__patternMix__type__triangularGrid	mixer__patternMix__type__triangularGrid.dsl
mixer__patternMix__scale__mid	mixer__patternMix__scale__mid.dsl
mixer__patternMix__thickness__mid	mixer__patternMix__thickness__mid.dsl
mixer__patternMix__smoothness__mid	mixer__patternMix__smoothness__mid.dsl
mixer__patternMix__rotation__mid	mixer__patternMix__rotation__mid.dsl
mixer__shadow__maskSource__sourceB	mixer__shadow__maskSource__sourceB.dsl
mixer__shadow__sourceChannel__green	mixer__shadow__sourceChannel__green.dsl
mixer__shadow__sourceChannel__blue	mixer__shadow__sourceChannel__blue.dsl
mixer__shadow__sourceChannel__alpha	mixer__shadow__sourceChannel__alpha.dsl
mixer__shadow__threshold__mid	mixer__shadow__threshold__mid.dsl
mixer__shadow__blur__mid	mixer__shadow__blur__mid.dsl
mixer__shadow__spread__mid	mixer__shadow__spread__mid.dsl
mixer__shadow__offsetX__mid	mixer__shadow__offsetX__mid.dsl
mixer__shadow__offsetY__mid	mixer__shadow__offsetY__mid.dsl
mixer__shadow__wrap__hide	mixer__shadow__wrap__hide.dsl
mixer__shadow__wrap__repeat	mixer__shadow__wrap__repeat.dsl
mixer__shadow__wrap__clamp	mixer__shadow__wrap__clamp.dsl
mixer__shapeMask__invert__sourceB	mixer__shapeMask__invert__sourceB.dsl
mixer__shapeMask__shape__triangle	mixer__shapeMask__shape__triangle.dsl
mixer__shapeMask__shape__square	mixer__shapeMask__shape__square.dsl
mixer__shapeMask__shape__pentagon	mixer__shapeMask__shape__pentagon.dsl
mixer__shapeMask__shape__hexagon	mixer__shapeMask__shape__hexagon.dsl
mixer__shapeMask__shape__flower	mixer__shapeMask__shape__flower.dsl
mixer__shapeMask__shape__ring	mixer__shapeMask__shape__ring.dsl
mixer__shapeMask__shape__star	mixer__shapeMask__shape__star.dsl
mixer__shapeMask__radius__mid	mixer__shapeMask__radius__mid.dsl
mixer__shapeMask__edgeSmooth__mid	mixer__shapeMask__edgeSmooth__mid.dsl
mixer__shapeMask__rotation__mid	mixer__shapeMask__rotation__mid.dsl
mixer__shapeMask__posX__mid	mixer__shapeMask__posX__mid.dsl
mixer__shapeMask__posY__mid	mixer__shapeMask__posY__mid.dsl
mixer__shapeMask__speed__mid	mixer__shapeMask__speed__mid.dsl
mixer__split__invert__on	mixer__split__invert__on.dsl
mixer__split__position__mid	mixer__split__position__mid.dsl
mixer__split__rotation__mid	mixer__split__rotation__mid.dsl
mixer__split__softness__mid	mixer__split__softness__mid.dsl
mixer__split__speed__mid	mixer__split__speed__mid.dsl
mixer__thresholdMix__mode__rgb	mixer__thresholdMix__mode__rgb.dsl
mixer__thresholdMix__quantize__mid	mixer__thresholdMix__quantize__mid.dsl
mixer__thresholdMix__mapSource__sourceA	mixer__thresholdMix__mapSource__sourceA.dsl
mixer__thresholdMix__threshold__mid	mixer__thresholdMix__threshold__mid.dsl
mixer__thresholdMix__range__mid	mixer__thresholdMix__range__mid.dsl
mixer__thresholdMix__thresholdR__mid	mixer__thresholdMix__thresholdR__mid.dsl
mixer__thresholdMix__rangeR__mid	mixer__thresholdMix__rangeR__mid.dsl
mixer__thresholdMix__thresholdG__mid	mixer__thresholdMix__thresholdG__mid.dsl
mixer__thresholdMix__rangeG__mid	mixer__thresholdMix__rangeG__mid.dsl
mixer__thresholdMix__thresholdB__mid	mixer__thresholdMix__thresholdB__mid.dsl
mixer__thresholdMix__rangeB__mid	mixer__thresholdMix__rangeB__mid.dsl
mixer__uvRemap__mapSource__sourceB	mixer__uvRemap__mapSource__sourceB.dsl
mixer__uvRemap__channel__redBlue	mixer__uvRemap__channel__redBlue.dsl
mixer__uvRemap__channel__greenBlue	mixer__uvRemap__channel__greenBlue.dsl
mixer__uvRemap__scale__mid	mixer__uvRemap__scale__mid.dsl
mixer__uvRemap__offset__mid	mixer__uvRemap__offset__mid.dsl
mixer__uvRemap__wrap__clamp	mixer__uvRemap__wrap__clamp.dsl
mixer__uvRemap__wrap__repeat	mixer__uvRemap__wrap__repeat.dsl
points__attractor__stateSize__plus1	points__attractor__stateSize__plus1.dsl
points__attractor__attractor__rossler	points__attractor__attractor__rossler.dsl
points__attractor__attractor__aizawa	points__attractor__attractor__aizawa.dsl
points__attractor__attractor__thomas	points__attractor__attractor__thomas.dsl
points__attractor__attractor__halvorsen	points__attractor__attractor__halvorsen.dsl
points__attractor__attractor__chen	points__attractor__attractor__chen.dsl
points__attractor__attractor__dadras	points__attractor__attractor__dadras.dsl
points__attractor__speed__mid	points__attractor__speed__mid.dsl
points__attractor__viewMode__plus1	points__attractor__viewMode__plus1.dsl
points__buddhabrot__stateSize__plus1	points__buddhabrot__stateSize__plus1.dsl
points__buddhabrot__mode__anti	points__buddhabrot__mode__anti.dsl
points__buddhabrot__maxIter__mid	points__buddhabrot__maxIter__mid.dsl
points__buddhabrot__minIter__mid	points__buddhabrot__minIter__mid.dsl
points__buddhabrot__centerX__mid	points__buddhabrot__centerX__mid.dsl
points__buddhabrot__centerY__mid	points__buddhabrot__centerY__mid.dsl
points__buddhabrot__zoom__mid	points__buddhabrot__zoom__mid.dsl
points__dla__stateSize__plus1	points__dla__stateSize__plus1.dsl
points__dla__anchorDensity__mid	points__dla__anchorDensity__mid.dsl
points__dla__stride__mid	points__dla__stride__mid.dsl
points__dla__inputWeight__mid	points__dla__inputWeight__mid.dsl
points__dla__decay__mid	points__dla__decay__mid.dsl
points__dla__deposit__mid	points__dla__deposit__mid.dsl
points__dla__attrition__mid	points__dla__attrition__mid.dsl
points__dla__matteOpacity__mid	points__dla__matteOpacity__mid.dsl
points__flock__separation__mid	points__flock__separation__mid.dsl
points__flock__alignment__mid	points__flock__alignment__mid.dsl
points__flock__cohesion__mid	points__flock__cohesion__mid.dsl
points__flock__perceptionRadius__mid	points__flock__perceptionRadius__mid.dsl
points__flock__separationRadius__mid	points__flock__separationRadius__mid.dsl
points__flock__maxSpeed__mid	points__flock__maxSpeed__mid.dsl
points__flock__maxForce__mid	points__flock__maxForce__mid.dsl
points__flock__boundaryMode__softWall	points__flock__boundaryMode__softWall.dsl
points__flock__wallMargin__mid	points__flock__wallMargin__mid.dsl
points__flock__noiseWeight__mid	points__flock__noiseWeight__mid.dsl
points__flow__stateSize__plus1	points__flow__stateSize__plus1.dsl
points__flow__behavior__none	points__flow__behavior__none.dsl
points__flow__behavior__crosshatch	points__flow__behavior__crosshatch.dsl
points__flow__behavior__unruly	points__flow__behavior__unruly.dsl
points__flow__behavior__chaotic	points__flow__behavior__chaotic.dsl
points__flow__behavior__randomMix	points__flow__behavior__randomMix.dsl
points__flow__behavior__meandering	points__flow__behavior__meandering.dsl
points__flow__stride__mid	points__flow__stride__mid.dsl
points__flow__strideDeviation__mid	points__flow__strideDeviation__mid.dsl
points__flow__kink__mid	points__flow__kink__mid.dsl
points__flow__quantize__true	points__flow__quantize__true.dsl
points__flow__inputWeight__mid	points__flow__inputWeight__mid.dsl
points__hydraulic__stride__mid	points__hydraulic__stride__mid.dsl
points__hydraulic__quantize__true	points__hydraulic__quantize__true.dsl
points__hydraulic__inverse__true	points__hydraulic__inverse__true.dsl
points__hydraulic__inputWeight__mid	points__hydraulic__inputWeight__mid.dsl
points__lenia__muK__mid	points__lenia__muK__mid.dsl
points__lenia__sigmaK__mid	points__lenia__sigmaK__mid.dsl
points__lenia__muG__mid	points__lenia__muG__mid.dsl
points__lenia__sigmaG__mid	points__lenia__sigmaG__mid.dsl
points__lenia__repulsion__mid	points__lenia__repulsion__mid.dsl
points__lenia__dt__mid	points__lenia__dt__mid.dsl
points__lenia__searchRadius__mid	points__lenia__searchRadius__mid.dsl
points__lenia__depositAmount__mid	points__lenia__depositAmount__mid.dsl
points__life__stateSize__plus1	points__life__stateSize__plus1.dsl
points__life__typeCount__mid	points__life__typeCount__mid.dsl
points__life__attractionScale__mid	points__life__attractionScale__mid.dsl
points__life__repulsionScale__mid	points__life__repulsionScale__mid.dsl
points__life__minRadius__mid	points__life__minRadius__mid.dsl
points__life__maxRadius__mid	points__life__maxRadius__mid.dsl
points__life__maxSpeed__mid	points__life__maxSpeed__mid.dsl
points__life__friction__mid	points__life__friction__mid.dsl
points__life__boundaryMode__bounce	points__life__boundaryMode__bounce.dsl
points__life__matrixSeed__mid	points__life__matrixSeed__mid.dsl
points__life__symmetricForces__true	points__life__symmetricForces__true.dsl
points__life__useTypeColor__true	points__life__useTypeColor__true.dsl
points__physarum__moveSpeed__mid	points__physarum__moveSpeed__mid.dsl
points__physarum__turnSpeed__mid	points__physarum__turnSpeed__mid.dsl
points__physarum__sensorAngle__mid	points__physarum__sensorAngle__mid.dsl
points__physarum__sensorDistance__mid	points__physarum__sensorDistance__mid.dsl
points__physarum__inputWeight__mid	points__physarum__inputWeight__mid.dsl
points__physarum__deposit__mid	points__physarum__deposit__mid.dsl
points__physarum__decay__mid	points__physarum__decay__mid.dsl
points__physical__stateSize__plus1	points__physical__stateSize__plus1.dsl
points__physical__gravity__mid	points__physical__gravity__mid.dsl
points__physical__wind__mid	points__physical__wind__mid.dsl
points__physical__energy__mid	points__physical__energy__mid.dsl
points__physical__drag__mid	points__physical__drag__mid.dsl
points__physical__deviation__mid	points__physical__deviation__mid.dsl
points__physical__wander__mid	points__physical__wander__mid.dsl
render__loopBegin__alpha__mid	render__loopBegin__alpha__mid.dsl
render__loopBegin__intensity__mid	render__loopBegin__intensity__mid.dsl
render__meshRender__scale__mid	render__meshRender__scale__mid.dsl
render__meshRender__offsetX__mid	render__meshRender__offsetX__mid.dsl
render__meshRender__offsetY__mid	render__meshRender__offsetY__mid.dsl
render__meshRender__offsetZ__mid	render__meshRender__offsetZ__mid.dsl
render__meshRender__rotateX__mid	render__meshRender__rotateX__mid.dsl
render__meshRender__rotateY__mid	render__meshRender__rotateY__mid.dsl
render__meshRender__rotateZ__mid	render__meshRender__rotateZ__mid.dsl
render__meshRender__viewScale__mid	render__meshRender__viewScale__mid.dsl
render__meshRender__posX__mid	render__meshRender__posX__mid.dsl
render__meshRender__posY__mid	render__meshRender__posY__mid.dsl
render__meshRender__diffuseIntensity__mid	render__meshRender__diffuseIntensity__mid.dsl
render__meshRender__specularIntensity__mid	render__meshRender__specularIntensity__mid.dsl
render__meshRender__shininess__mid	render__meshRender__shininess__mid.dsl
render__meshRender__rimIntensity__mid	render__meshRender__rimIntensity__mid.dsl
render__meshRender__rimPower__mid	render__meshRender__rimPower__mid.dsl
render__meshRender__bgAlpha__mid	render__meshRender__bgAlpha__mid.dsl
render__meshRender__wireframe__wireframe	render__meshRender__wireframe__wireframe.dsl
render__pointsBillboardRender__shapeMode__texture	render__pointsBillboardRender__shapeMode__texture.dsl
render__pointsBillboardRender__shapeMode__ring	render__pointsBillboardRender__shapeMode__ring.dsl
render__pointsBillboardRender__shapeMode__square	render__pointsBillboardRender__shapeMode__square.dsl
render__pointsBillboardRender__shapeMode__diamond	render__pointsBillboardRender__shapeMode__diamond.dsl
render__pointsBillboardRender__shapeMode__triangle	render__pointsBillboardRender__shapeMode__triangle.dsl
render__pointsBillboardRender__shapeMode__star	render__pointsBillboardRender__shapeMode__star.dsl
render__pointsBillboardRender__shapeMode__soft	render__pointsBillboardRender__shapeMode__soft.dsl
render__pointsBillboardRender__blendMode__alpha	render__pointsBillboardRender__blendMode__alpha.dsl
render__pointsBillboardRender__depositOpacity__mid	render__pointsBillboardRender__depositOpacity__mid.dsl
render__pointsBillboardRender__pointSize__mid	render__pointsBillboardRender__pointSize__mid.dsl
render__pointsBillboardRender__sizeVariation__mid	render__pointsBillboardRender__sizeVariation__mid.dsl
render__pointsBillboardRender__rotationVar__mid	render__pointsBillboardRender__rotationVar__mid.dsl
render__pointsBillboardRender__seed__mid	render__pointsBillboardRender__seed__mid.dsl
render__pointsBillboardRender__density__mid	render__pointsBillboardRender__density__mid.dsl
render__pointsBillboardRender__intensity__mid	render__pointsBillboardRender__intensity__mid.dsl
render__pointsBillboardRender__inputIntensity__mid	render__pointsBillboardRender__inputIntensity__mid.dsl
render__pointsBillboardRender__viewMode__ortho	render__pointsBillboardRender__viewMode__ortho.dsl
render__pointsBillboardRender__viewMode__perspective	render__pointsBillboardRender__viewMode__perspective.dsl
render__pointsBillboardRender__rotateX__mid	render__pointsBillboardRender__rotateX__mid.dsl
render__pointsBillboardRender__rotateY__mid	render__pointsBillboardRender__rotateY__mid.dsl
render__pointsBillboardRender__rotateZ__mid	render__pointsBillboardRender__rotateZ__mid.dsl
render__pointsBillboardRender__viewScale__mid	render__pointsBillboardRender__viewScale__mid.dsl
render__pointsBillboardRender__posX__mid	render__pointsBillboardRender__posX__mid.dsl
render__pointsBillboardRender__posY__mid	render__pointsBillboardRender__posY__mid.dsl
render__pointsBillboardRender__posZ__mid	render__pointsBillboardRender__posZ__mid.dsl
render__pointsBillboardRender__fieldOfView__mid	render__pointsBillboardRender__fieldOfView__mid.dsl
render__pointsBillboardRender__sizeDistance__mid	render__pointsBillboardRender__sizeDistance__mid.dsl
render__pointsBillboardRender__brightnessDistance__mid	render__pointsBillboardRender__brightnessDistance__mid.dsl
render__pointsBillboardRender__aperture__mid	render__pointsBillboardRender__aperture__mid.dsl
render__pointsBillboardRender__focalDistance__mid	render__pointsBillboardRender__focalDistance__mid.dsl
render__pointsEmit__stateSize__x64	render__pointsEmit__stateSize__x64.dsl
render__pointsEmit__stateSize__x128	render__pointsEmit__stateSize__x128.dsl
render__pointsEmit__stateSize__x512	render__pointsEmit__stateSize__x512.dsl
render__pointsEmit__stateSize__x1024	render__pointsEmit__stateSize__x1024.dsl
render__pointsEmit__stateSize__x2048	render__pointsEmit__stateSize__x2048.dsl
render__pointsEmit__layout__grid	render__pointsEmit__layout__grid.dsl
render__pointsEmit__layout__center	render__pointsEmit__layout__center.dsl
render__pointsEmit__layout__ring	render__pointsEmit__layout__ring.dsl
render__pointsEmit__layout__clusters	render__pointsEmit__layout__clusters.dsl
render__pointsEmit__layout__spiral	render__pointsEmit__layout__spiral.dsl
render__pointsEmit__seed__mid	render__pointsEmit__seed__mid.dsl
render__pointsEmit__attrition__mid	render__pointsEmit__attrition__mid.dsl
render__pointsRender__density__mid	render__pointsRender__density__mid.dsl
render__pointsRender__intensity__mid	render__pointsRender__intensity__mid.dsl
render__pointsRender__inputIntensity__mid	render__pointsRender__inputIntensity__mid.dsl
render__pointsRender__viewMode__ortho	render__pointsRender__viewMode__ortho.dsl
render__pointsRender__viewMode__perspective	render__pointsRender__viewMode__perspective.dsl
render__pointsRender__rotateX__mid	render__pointsRender__rotateX__mid.dsl
render__pointsRender__rotateY__mid	render__pointsRender__rotateY__mid.dsl
render__pointsRender__rotateZ__mid	render__pointsRender__rotateZ__mid.dsl
render__pointsRender__viewScale__mid	render__pointsRender__viewScale__mid.dsl
render__pointsRender__posX__mid	render__pointsRender__posX__mid.dsl
render__pointsRender__posY__mid	render__pointsRender__posY__mid.dsl
render__pointsRender__posZ__mid	render__pointsRender__posZ__mid.dsl
render__pointsRender__fieldOfView__mid	render__pointsRender__fieldOfView__mid.dsl
render__pointsRender__matteOpacity__mid	render__pointsRender__matteOpacity__mid.dsl
render__render3d__volumeSize__v16	render__render3d__volumeSize__v16.dsl
render__render3d__volumeSize__v32	render__render3d__volumeSize__v32.dsl
render__render3d__volumeSize__v128	render__render3d__volumeSize__v128.dsl
render__render3d__filtering__voxel	render__render3d__filtering__voxel.dsl
render__render3d__threshold__mid	render__render3d__threshold__mid.dsl
render__render3d__invert__true	render__render3d__invert__true.dsl
render__render3d__orbitSpeed__mid	render__render3d__orbitSpeed__mid.dsl
render__render3d__bgAlpha__mid	render__render3d__bgAlpha__mid.dsl
render__renderCubemap3d__volumeSize__v16	render__renderCubemap3d__volumeSize__v16.dsl
render__renderCubemap3d__volumeSize__v32	render__renderCubemap3d__volumeSize__v32.dsl
render__renderCubemap3d__volumeSize__v128	render__renderCubemap3d__volumeSize__v128.dsl
render__renderCubemap3d__filtering__voxel	render__renderCubemap3d__filtering__voxel.dsl
render__renderCubemap3d__threshold__mid	render__renderCubemap3d__threshold__mid.dsl
render__renderCubemap3d__invert__true	render__renderCubemap3d__invert__true.dsl
render__renderCubemap3d__bgAlpha__mid	render__renderCubemap3d__bgAlpha__mid.dsl
render__renderCubemapSurface__volumeSize__v16	render__renderCubemapSurface__volumeSize__v16.dsl
render__renderCubemapSurface__volumeSize__v32	render__renderCubemapSurface__volumeSize__v32.dsl
render__renderCubemapSurface__volumeSize__v128	render__renderCubemapSurface__volumeSize__v128.dsl
render__renderCubemapSurface__density__mid	render__renderCubemapSurface__density__mid.dsl
render__renderCubemapSurface__absorption__mid	render__renderCubemapSurface__absorption__mid.dsl
render__renderCubemapSurface__emission__mid	render__renderCubemapSurface__emission__mid.dsl
render__renderCubemapSurface__bgAlpha__mid	render__renderCubemapSurface__bgAlpha__mid.dsl
render__renderLit3d__volumeSize__v16	render__renderLit3d__volumeSize__v16.dsl
render__renderLit3d__volumeSize__v32	render__renderLit3d__volumeSize__v32.dsl
render__renderLit3d__volumeSize__v128	render__renderLit3d__volumeSize__v128.dsl
render__renderLit3d__shape__sphere	render__renderLit3d__shape__sphere.dsl
render__renderLit3d__threshold__mid	render__renderLit3d__threshold__mid.dsl
render__renderLit3d__invert__true	render__renderLit3d__invert__true.dsl
render__renderLit3d__orbitSpeed__mid	render__renderLit3d__orbitSpeed__mid.dsl
render__renderLit3d__bgAlpha__mid	render__renderLit3d__bgAlpha__mid.dsl
render__renderLit3d__diffuseIntensity__mid	render__renderLit3d__diffuseIntensity__mid.dsl
render__renderLit3d__specularIntensity__mid	render__renderLit3d__specularIntensity__mid.dsl
render__renderLit3d__shininess__mid	render__renderLit3d__shininess__mid.dsl
render__renderLit3d__rimIntensity__mid	render__renderLit3d__rimIntensity__mid.dsl
render__renderLit3d__rimPower__mid	render__renderLit3d__rimPower__mid.dsl
synth__bitwise__operation__and	synth__bitwise__operation__and.dsl
synth__bitwise__operation__or	synth__bitwise__operation__or.dsl
synth__bitwise__operation__nand	synth__bitwise__operation__nand.dsl
synth__bitwise__operation__xnor	synth__bitwise__operation__xnor.dsl
synth__bitwise__operation__mul	synth__bitwise__operation__mul.dsl
synth__bitwise__operation__add	synth__bitwise__operation__add.dsl
synth__bitwise__operation__sub	synth__bitwise__operation__sub.dsl
synth__bitwise__mask__bit7	synth__bitwise__mask__bit7.dsl
synth__bitwise__mask__bit6	synth__bitwise__mask__bit6.dsl
synth__bitwise__mask__bit5	synth__bitwise__mask__bit5.dsl
synth__bitwise__mask__bit4	synth__bitwise__mask__bit4.dsl
synth__bitwise__mask__bit3	synth__bitwise__mask__bit3.dsl
synth__bitwise__mask__bit2	synth__bitwise__mask__bit2.dsl
synth__bitwise__mask__bit1	synth__bitwise__mask__bit1.dsl
synth__bitwise__scale__mid	synth__bitwise__scale__mid.dsl
synth__bitwise__rotation__mid	synth__bitwise__rotation__mid.dsl
synth__bitwise__offsetX__mid	synth__bitwise__offsetX__mid.dsl
synth__bitwise__offsetY__mid	synth__bitwise__offsetY__mid.dsl
synth__bitwise__seed__mid	synth__bitwise__seed__mid.dsl
synth__bitwise__speed__mid	synth__bitwise__speed__mid.dsl
synth__bitwise__colorMode__rgb	synth__bitwise__colorMode__rgb.dsl
synth__bitwise__colorMode__hsv	synth__bitwise__colorMode__hsv.dsl
synth__bitwise__colorOffset__mid	synth__bitwise__colorOffset__mid.dsl
synth__cell__shape__diamond	synth__cell__shape__diamond.dsl
synth__cell__shape__hexagon	synth__cell__shape__hexagon.dsl
synth__cell__shape__octagon	synth__cell__shape__octagon.dsl
synth__cell__shape__square	synth__cell__shape__square.dsl
synth__cell__shape__triangle	synth__cell__shape__triangle.dsl
synth__cell__scale__mid	synth__cell__scale__mid.dsl
synth__cell__cellScale__mid	synth__cell__cellScale__mid.dsl
synth__cell__cellSmooth__mid	synth__cell__cellSmooth__mid.dsl
synth__cell__variation__mid	synth__cell__variation__mid.dsl
synth__cell__speed__mid	synth__cell__speed__mid.dsl
synth__cell__seed__mid	synth__cell__seed__mid.dsl
synth__cellularAutomata__zoom__x1	synth__cellularAutomata__zoom__x1.dsl
synth__cellularAutomata__zoom__x2	synth__cellularAutomata__zoom__x2.dsl
synth__cellularAutomata__zoom__x4	synth__cellularAutomata__zoom__x4.dsl
synth__cellularAutomata__zoom__x8	synth__cellularAutomata__zoom__x8.dsl
synth__cellularAutomata__zoom__x16	synth__cellularAutomata__zoom__x16.dsl
synth__cellularAutomata__zoom__x64	synth__cellularAutomata__zoom__x64.dsl
synth__cellularAutomata__ruleIndex__highlife	synth__cellularAutomata__ruleIndex__highlife.dsl
synth__cellularAutomata__ruleIndex__seeds	synth__cellularAutomata__ruleIndex__seeds.dsl
synth__cellularAutomata__ruleIndex__coral	synth__cellularAutomata__ruleIndex__coral.dsl
synth__cellularAutomata__ruleIndex__dayNight	synth__cellularAutomata__ruleIndex__dayNight.dsl
synth__cellularAutomata__ruleIndex__lifeWithoutDeath	synth__cellularAutomata__ruleIndex__lifeWithoutDeath.dsl
synth__cellularAutomata__ruleIndex__replicator	synth__cellularAutomata__ruleIndex__replicator.dsl
synth__cellularAutomata__ruleIndex__amoeba	synth__cellularAutomata__ruleIndex__amoeba.dsl
synth__cellularAutomata__ruleIndex__maze	synth__cellularAutomata__ruleIndex__maze.dsl
synth__cellularAutomata__ruleIndex__gliderWalk	synth__cellularAutomata__ruleIndex__gliderWalk.dsl
synth__cellularAutomata__ruleIndex__diamoeba	synth__cellularAutomata__ruleIndex__diamoeba.dsl
synth__cellularAutomata__ruleIndex__size2x2	synth__cellularAutomata__ruleIndex__size2x2.dsl
synth__cellularAutomata__ruleIndex__morley	synth__cellularAutomata__ruleIndex__morley.dsl
synth__cellularAutomata__ruleIndex__anneal	synth__cellularAutomata__ruleIndex__anneal.dsl
synth__cellularAutomata__ruleIndex__size34Life	synth__cellularAutomata__ruleIndex__size34Life.dsl
synth__cellularAutomata__ruleIndex__simpleReplicator	synth__cellularAutomata__ruleIndex__simpleReplicator.dsl
synth__cellularAutomata__ruleIndex__waffles	synth__cellularAutomata__ruleIndex__waffles.dsl
synth__cellularAutomata__ruleIndex__pondLife	synth__cellularAutomata__ruleIndex__pondLife.dsl
synth__cellularAutomata__smoothing__linear	synth__cellularAutomata__smoothing__linear.dsl
synth__cellularAutomata__smoothing__hermite	synth__cellularAutomata__smoothing__hermite.dsl
synth__cellularAutomata__smoothing__catmullRom3x3	synth__cellularAutomata__smoothing__catmullRom3x3.dsl
synth__cellularAutomata__smoothing__catmullRom4x4	synth__cellularAutomata__smoothing__catmullRom4x4.dsl
synth__cellularAutomata__smoothing__bSpline3x3	synth__cellularAutomata__smoothing__bSpline3x3.dsl
synth__cellularAutomata__smoothing__bSpline4x4	synth__cellularAutomata__smoothing__bSpline4x4.dsl
synth__cellularAutomata__seed__mid	synth__cellularAutomata__seed__mid.dsl
synth__cellularAutomata__speed__mid	synth__cellularAutomata__speed__mid.dsl
synth__cellularAutomata__weight__mid	synth__cellularAutomata__weight__mid.dsl
synth__cellularAutomata__source__mid	synth__cellularAutomata__source__mid.dsl
synth__curl__scale__mid	synth__curl__scale__mid.dsl
synth__curl__octaves__mid	synth__curl__octaves__mid.dsl
synth__curl__seed__mid	synth__curl__seed__mid.dsl
synth__curl__ridges__false	synth__curl__ridges__false.dsl
synth__curl__intensity__mid	synth__curl__intensity__mid.dsl
synth__curl__speed__mid	synth__curl__speed__mid.dsl
synth__curl__outputMode__flowX	synth__curl__outputMode__flowX.dsl
synth__curl__outputMode__flowY	synth__curl__outputMode__flowY.dsl
synth__curl__outputMode__flowZ	synth__curl__outputMode__flowZ.dsl
synth__curl__outputMode__magnitude	synth__curl__outputMode__magnitude.dsl
synth__gabor__scale__mid	synth__gabor__scale__mid.dsl
synth__gabor__orientation__mid	synth__gabor__orientation__mid.dsl
synth__gabor__bandwidth__mid	synth__gabor__bandwidth__mid.dsl
synth__gabor__isotropy__mid	synth__gabor__isotropy__mid.dsl
synth__gabor__density__mid	synth__gabor__density__mid.dsl
synth__gabor__octaves__mid	synth__gabor__octaves__mid.dsl
synth__gabor__speed__mid	synth__gabor__speed__mid.dsl
synth__gabor__seed__mid	synth__gabor__seed__mid.dsl
synth__gradient__type__diamond	synth__gradient__type__diamond.dsl
synth__gradient__type__fourCorners	synth__gradient__type__fourCorners.dsl
synth__gradient__type__linear	synth__gradient__type__linear.dsl
synth__gradient__type__noiseGradient	synth__gradient__type__noiseGradient.dsl
synth__gradient__type__radial	synth__gradient__type__radial.dsl
synth__gradient__type__spiral	synth__gradient__type__spiral.dsl
synth__gradient__rotation__mid	synth__gradient__rotation__mid.dsl
synth__gradient__repeat__mid	synth__gradient__repeat__mid.dsl
synth__gradient__speed__mid	synth__gradient__speed__mid.dsl
synth__gradient__seed__mid	synth__gradient__seed__mid.dsl
synth__gradient__colorCount__mid	synth__gradient__colorCount__mid.dsl
synth__julia__poi__manual	synth__julia__poi__manual.dsl
synth__julia__poi__basilica	synth__julia__poi__basilica.dsl
synth__julia__poi__dendrite	synth__julia__poi__dendrite.dsl
synth__julia__poi__douadyRabbit	synth__julia__poi__douadyRabbit.dsl
synth__julia__poi__dragonCurve	synth__julia__poi__dragonCurve.dsl
synth__julia__poi__galaxy	synth__julia__poi__galaxy.dsl
synth__julia__poi__lightning	synth__julia__poi__lightning.dsl
synth__julia__poi__sanMarco	synth__julia__poi__sanMarco.dsl
synth__julia__poi__siegel	synth__julia__poi__siegel.dsl
synth__julia__poi__starfish	synth__julia__poi__starfish.dsl
synth__julia__outputMode__distance	synth__julia__outputMode__distance.dsl
synth__julia__outputMode__normalMap	synth__julia__outputMode__normalMap.dsl
synth__julia__outputMode__smoothIteration	synth__julia__outputMode__smoothIteration.dsl
synth__julia__outputMode__stripeAverage	synth__julia__outputMode__stripeAverage.dsl
synth__julia__iterations__mid	synth__julia__iterations__mid.dsl
synth__julia__cReal__mid	synth__julia__cReal__mid.dsl
synth__julia__cImag__mid	synth__julia__cImag__mid.dsl
synth__julia__centerX__mid	synth__julia__centerX__mid.dsl
synth__julia__centerY__mid	synth__julia__centerY__mid.dsl
synth__julia__rotation__mid	synth__julia__rotation__mid.dsl
synth__julia__cPath__bulb	synth__julia__cPath__bulb.dsl
synth__julia__cPath__cardioid	synth__julia__cPath__cardioid.dsl
synth__julia__cPath__circle	synth__julia__cPath__circle.dsl
synth__julia__cSpeed__mid	synth__julia__cSpeed__mid.dsl
synth__julia__cRadius__mid	synth__julia__cRadius__mid.dsl
synth__julia__zoomSpeed__mid	synth__julia__zoomSpeed__mid.dsl
synth__julia__zoomDepth__mid	synth__julia__zoomDepth__mid.dsl
synth__julia__stripeFreq__mid	synth__julia__stripeFreq__mid.dsl
synth__julia__trapShape__circle	synth__julia__trapShape__circle.dsl
synth__julia__trapShape__cross	synth__julia__trapShape__cross.dsl
synth__julia__lightAngle__mid	synth__julia__lightAngle__mid.dsl
synth__julia__invert__true	synth__julia__invert__true.dsl
synth__mandala__scale__mid	synth__mandala__scale__mid.dsl
synth__mandala__rotation__mid	synth__mandala__rotation__mid.dsl
synth__mandala__thickness__mid	synth__mandala__thickness__mid.dsl
synth__mandala__smoothness__mid	synth__mandala__smoothness__mid.dsl
synth__mandala__symmetry__mid	synth__mandala__symmetry__mid.dsl
synth__mandala__bindu__true	synth__mandala__bindu__true.dsl
synth__mandala__shape__dot	synth__mandala__shape__dot.dsl
synth__mandala__shape__triangle	synth__mandala__shape__triangle.dsl
synth__mandala__layers__mid	synth__mandala__layers__mid.dsl
synth__mandala__layerSpacing__mid	synth__mandala__layerSpacing__mid.dsl
synth__mandala__twist__mid	synth__mandala__twist__mid.dsl
synth__mandala__shapeGrowth__mid	synth__mandala__shapeGrowth__mid.dsl
synth__mandala__animation__counterRotate	synth__mandala__animation__counterRotate.dsl
synth__mandala__animation__differential	synth__mandala__animation__differential.dsl
synth__mandala__animation__pulse	synth__mandala__animation__pulse.dsl
synth__mandala__animation__ripple	synth__mandala__animation__ripple.dsl
synth__mandala__animation__rotate	synth__mandala__animation__rotate.dsl
synth__mandala__animation__spiralWave	synth__mandala__animation__spiralWave.dsl
synth__mandala__speed__mid	synth__mandala__speed__mid.dsl
synth__mandala__pulseDepth__mid	synth__mandala__pulseDepth__mid.dsl
synth__mandelbrot__poi__birdOfParadise	synth__mandelbrot__poi__birdOfParadise.dsl
synth__mandelbrot__poi__doubleSpiral	synth__mandelbrot__poi__doubleSpiral.dsl
synth__mandelbrot__poi__elephantValley	synth__mandelbrot__poi__elephantValley.dsl
synth__mandelbrot__poi__feigenbaum	synth__mandelbrot__poi__feigenbaum.dsl
synth__mandelbrot__poi__miniBrot	synth__mandelbrot__poi__miniBrot.dsl
synth__mandelbrot__poi__scepterValley	synth__mandelbrot__poi__scepterValley.dsl
synth__mandelbrot__poi__seahorseValley	synth__mandelbrot__poi__seahorseValley.dsl
synth__mandelbrot__poi__spiralGalaxy	synth__mandelbrot__poi__spiralGalaxy.dsl
synth__mandelbrot__outputMode__distance	synth__mandelbrot__outputMode__distance.dsl
synth__mandelbrot__outputMode__normalMap	synth__mandelbrot__outputMode__normalMap.dsl
synth__mandelbrot__outputMode__orbitTrap	synth__mandelbrot__outputMode__orbitTrap.dsl
synth__mandelbrot__outputMode__stripeAverage	synth__mandelbrot__outputMode__stripeAverage.dsl
synth__mandelbrot__iterations__mid	synth__mandelbrot__iterations__mid.dsl
synth__mandelbrot__centerX__mid	synth__mandelbrot__centerX__mid.dsl
synth__mandelbrot__centerY__mid	synth__mandelbrot__centerY__mid.dsl
synth__mandelbrot__rotation__mid	synth__mandelbrot__rotation__mid.dsl
synth__mandelbrot__zoomSpeed__mid	synth__mandelbrot__zoomSpeed__mid.dsl
synth__mandelbrot__zoomDepth__mid	synth__mandelbrot__zoomDepth__mid.dsl
synth__mandelbrot__stripeFreq__mid	synth__mandelbrot__stripeFreq__mid.dsl
synth__mandelbrot__trapShape__circle	synth__mandelbrot__trapShape__circle.dsl
synth__mandelbrot__trapShape__cross	synth__mandelbrot__trapShape__cross.dsl
synth__mandelbrot__lightAngle__mid	synth__mandelbrot__lightAngle__mid.dsl
synth__mandelbrot__invert__true	synth__mandelbrot__invert__true.dsl
synth__mnca__zoom__x1	synth__mnca__zoom__x1.dsl
synth__mnca__zoom__x2	synth__mnca__zoom__x2.dsl
synth__mnca__zoom__x4	synth__mnca__zoom__x4.dsl
synth__mnca__zoom__x16	synth__mnca__zoom__x16.dsl
synth__mnca__zoom__x32	synth__mnca__zoom__x32.dsl
synth__mnca__zoom__x64	synth__mnca__zoom__x64.dsl
synth__mnca__seed__mid	synth__mnca__seed__mid.dsl
synth__mnca__smoothing__linear	synth__mnca__smoothing__linear.dsl
synth__mnca__smoothing__hermite	synth__mnca__smoothing__hermite.dsl
synth__mnca__smoothing__catmullRom3x3	synth__mnca__smoothing__catmullRom3x3.dsl
synth__mnca__smoothing__catmullRom4x4	synth__mnca__smoothing__catmullRom4x4.dsl
synth__mnca__smoothing__bSpline3x3	synth__mnca__smoothing__bSpline3x3.dsl
synth__mnca__smoothing__bSpline4x4	synth__mnca__smoothing__bSpline4x4.dsl
synth__mnca__speed__mid	synth__mnca__speed__mid.dsl
synth__mnca__weight__mid	synth__mnca__weight__mid.dsl
synth__mnca__n1v1__mid	synth__mnca__n1v1__mid.dsl
synth__mnca__n1r1__mid	synth__mnca__n1r1__mid.dsl
synth__mnca__n1v2__mid	synth__mnca__n1v2__mid.dsl
synth__mnca__n1r2__mid	synth__mnca__n1r2__mid.dsl
synth__mnca__n1v3__mid	synth__mnca__n1v3__mid.dsl
synth__mnca__n1r3__mid	synth__mnca__n1r3__mid.dsl
synth__mnca__n1v4__mid	synth__mnca__n1v4__mid.dsl
synth__mnca__n1r4__mid	synth__mnca__n1r4__mid.dsl
synth__mnca__n2v1__mid	synth__mnca__n2v1__mid.dsl
synth__mnca__n2r1__mid	synth__mnca__n2r1__mid.dsl
synth__mnca__n2v2__mid	synth__mnca__n2v2__mid.dsl
synth__mnca__n2r2__mid	synth__mnca__n2r2__mid.dsl
synth__mnca__source__mid	synth__mnca__source__mid.dsl
synth__modPattern__shape1__square	synth__modPattern__shape1__square.dsl
synth__modPattern__shape1__diamond	synth__modPattern__shape1__diamond.dsl
synth__modPattern__scale1__mid	synth__modPattern__scale1__mid.dsl
synth__modPattern__repeat1__mid	synth__modPattern__repeat1__mid.dsl
synth__modPattern__shape2__plus	synth__modPattern__shape2__plus.dsl
synth__modPattern__shape2__diamond	synth__modPattern__shape2__diamond.dsl
synth__modPattern__scale2__mid	synth__modPattern__scale2__mid.dsl
synth__modPattern__repeat2__mid	synth__modPattern__repeat2__mid.dsl
synth__modPattern__shape3__plus	synth__modPattern__shape3__plus.dsl
synth__modPattern__shape3__square	synth__modPattern__shape3__square.dsl
synth__modPattern__scale3__mid	synth__modPattern__scale3__mid.dsl
synth__modPattern__repeat3__mid	synth__modPattern__repeat3__mid.dsl
synth__modPattern__blend__max	synth__modPattern__blend__max.dsl
synth__modPattern__blend__mix	synth__modPattern__blend__mix.dsl
synth__modPattern__blend__rgb	synth__modPattern__blend__rgb.dsl
synth__modPattern__smoothing__mid	synth__modPattern__smoothing__mid.dsl
synth__modPattern__animMode__pan	synth__modPattern__animMode__pan.dsl
synth__modPattern__animMode__phase	synth__modPattern__animMode__phase.dsl
synth__modPattern__speed__mid	synth__modPattern__speed__mid.dsl
synth__navierStokes__zoom__x2	synth__navierStokes__zoom__x2.dsl
synth__navierStokes__zoom__x4	synth__navierStokes__zoom__x4.dsl
synth__navierStokes__zoom__x8	synth__navierStokes__zoom__x8.dsl
synth__navierStokes__zoom__x16	synth__navierStokes__zoom__x16.dsl
synth__navierStokes__zoom__x32	synth__navierStokes__zoom__x32.dsl
synth__navierStokes__iterations__mid	synth__navierStokes__iterations__mid.dsl
synth__navierStokes__smoothing__constant	synth__navierStokes__smoothing__constant.dsl
synth__navierStokes__smoothing__hermite	synth__navierStokes__smoothing__hermite.dsl
synth__navierStokes__smoothing__catmullRom3x3	synth__navierStokes__smoothing__catmullRom3x3.dsl
synth__navierStokes__smoothing__catmullRom4x4	synth__navierStokes__smoothing__catmullRom4x4.dsl
synth__navierStokes__smoothing__bSpline3x3	synth__navierStokes__smoothing__bSpline3x3.dsl
synth__navierStokes__smoothing__bSpline4x4	synth__navierStokes__smoothing__bSpline4x4.dsl
synth__navierStokes__speed__mid	synth__navierStokes__speed__mid.dsl
synth__navierStokes__dyeDecay__mid	synth__navierStokes__dyeDecay__mid.dsl
synth__navierStokes__velocityDecay__mid	synth__navierStokes__velocityDecay__mid.dsl
synth__navierStokes__inputForce__mid	synth__navierStokes__inputForce__mid.dsl
synth__navierStokes__inputDye__mid	synth__navierStokes__inputDye__mid.dsl
synth__navierStokes__inputIntensity__mid	synth__navierStokes__inputIntensity__mid.dsl
synth__navierStokes__seed__mid	synth__navierStokes__seed__mid.dsl
synth__newton__poi__manual	synth__newton__poi__manual.dsl
synth__newton__poi__octoFlower8	synth__newton__poi__octoFlower8.dsl
synth__newton__poi__pentaSpiral5	synth__newton__poi__pentaSpiral5.dsl
synth__newton__poi__spiralJunction3	synth__newton__poi__spiralJunction3.dsl
synth__newton__poi__starCenter5	synth__newton__poi__starCenter5.dsl
synth__newton__poi__triplePoint3	synth__newton__poi__triplePoint3.dsl
synth__newton__outputMode__iteration	synth__newton__outputMode__iteration.dsl
synth__newton__outputMode__rootIndex	synth__newton__outputMode__rootIndex.dsl
synth__newton__iterations__mid	synth__newton__iterations__mid.dsl
synth__newton__degree__mid	synth__newton__degree__mid.dsl
synth__newton__relaxation__mid	synth__newton__relaxation__mid.dsl
synth__newton__tolerance__mid	synth__newton__tolerance__mid.dsl
synth__newton__centerX__mid	synth__newton__centerX__mid.dsl
synth__newton__centerY__mid	synth__newton__centerY__mid.dsl
synth__newton__rotation__mid	synth__newton__rotation__mid.dsl
synth__newton__zoomSpeed__mid	synth__newton__zoomSpeed__mid.dsl
synth__newton__zoomDepth__mid	synth__newton__zoomDepth__mid.dsl
synth__newton__degreeSpeed__mid	synth__newton__degreeSpeed__mid.dsl
synth__newton__degreeRange__mid	synth__newton__degreeRange__mid.dsl
synth__newton__relaxSpeed__mid	synth__newton__relaxSpeed__mid.dsl
synth__newton__relaxRange__mid	synth__newton__relaxRange__mid.dsl
synth__newton__invert__true	synth__newton__invert__true.dsl
synth__noise__type__constant	synth__noise__type__constant.dsl
synth__noise__type__linear	synth__noise__type__linear.dsl
synth__noise__type__hermite	synth__noise__type__hermite.dsl
synth__noise__type__catmullRom3x3	synth__noise__type__catmullRom3x3.dsl
synth__noise__type__catmullRom4x4	synth__noise__type__catmullRom4x4.dsl
synth__noise__type__bSpline3x3	synth__noise__type__bSpline3x3.dsl
synth__noise__type__bSpline4x4	synth__noise__type__bSpline4x4.dsl
synth__noise__type__sine	synth__noise__type__sine.dsl
synth__noise__octaves__mid	synth__noise__octaves__mid.dsl
synth__noise__scaleX__mid	synth__noise__scaleX__mid.dsl
synth__noise__scaleY__mid	synth__noise__scaleY__mid.dsl
synth__noise__seed__mid	synth__noise__seed__mid.dsl
synth__noise__wrap__false	synth__noise__wrap__false.dsl
synth__noise__ridges__true	synth__noise__ridges__true.dsl
synth__noise__loopOffset__circle	synth__noise__loopOffset__circle.dsl
synth__noise__loopOffset__triangle	synth__noise__loopOffset__triangle.dsl
synth__noise__loopOffset__diamond	synth__noise__loopOffset__diamond.dsl
synth__noise__loopOffset__square	synth__noise__loopOffset__square.dsl
synth__noise__loopOffset__pentagon	synth__noise__loopOffset__pentagon.dsl
synth__noise__loopOffset__hexagon	synth__noise__loopOffset__hexagon.dsl
synth__noise__loopOffset__heptagon	synth__noise__loopOffset__heptagon.dsl
synth__noise__loopOffset__octagon	synth__noise__loopOffset__octagon.dsl
synth__noise__loopOffset__nonagon	synth__noise__loopOffset__nonagon.dsl
synth__noise__loopOffset__decagon	synth__noise__loopOffset__decagon.dsl
synth__noise__loopOffset__hendecagon	synth__noise__loopOffset__hendecagon.dsl
synth__noise__loopOffset__dodecagon	synth__noise__loopOffset__dodecagon.dsl
synth__noise__loopOffset__horizontalScan	synth__noise__loopOffset__horizontalScan.dsl
synth__noise__loopOffset__verticalScan	synth__noise__loopOffset__verticalScan.dsl
synth__noise__loopOffset__rings	synth__noise__loopOffset__rings.dsl
synth__noise__loopOffset__sine	synth__noise__loopOffset__sine.dsl
synth__noise__loopScale__mid	synth__noise__loopScale__mid.dsl
synth__noise__speed__mid	synth__noise__speed__mid.dsl
synth__noise__colorMode__mono	synth__noise__colorMode__mono.dsl
synth__osc2d__freq__mid	synth__osc2d__freq__mid.dsl
synth__osc2d__speed__mid	synth__osc2d__speed__mid.dsl
synth__osc2d__rotation__mid	synth__osc2d__rotation__mid.dsl
synth__osc2d__seed__mid	synth__osc2d__seed__mid.dsl
synth__pattern__type__checkerboard	synth__pattern__type__checkerboard.dsl
synth__pattern__type__concentricRings	synth__pattern__type__concentricRings.dsl
synth__pattern__type__dots	synth__pattern__type__dots.dsl
synth__pattern__type__grid	synth__pattern__type__grid.dsl
synth__pattern__type__hearts	synth__pattern__type__hearts.dsl
synth__pattern__type__hexagons	synth__pattern__type__hexagons.dsl
synth__pattern__type__radialLines	synth__pattern__type__radialLines.dsl
synth__pattern__type__spiral	synth__pattern__type__spiral.dsl
synth__pattern__type__triangularGrid	synth__pattern__type__triangularGrid.dsl
synth__pattern__type__waves	synth__pattern__type__waves.dsl
synth__pattern__type__zigzag	synth__pattern__type__zigzag.dsl
synth__pattern__scale__mid	synth__pattern__scale__mid.dsl
synth__pattern__thickness__mid	synth__pattern__thickness__mid.dsl
synth__pattern__smoothness__mid	synth__pattern__smoothness__mid.dsl
synth__pattern__rotation__mid	synth__pattern__rotation__mid.dsl
synth__pattern__skew__mid	synth__pattern__skew__mid.dsl
synth__pattern__animation__pan	synth__pattern__animation__pan.dsl
synth__pattern__animation__rotate	synth__pattern__animation__rotate.dsl
synth__pattern__speed__mid	synth__pattern__speed__mid.dsl
synth__perlin__scale__mid	synth__perlin__scale__mid.dsl
synth__perlin__octaves__mid	synth__perlin__octaves__mid.dsl
synth__perlin__colorMode__mono	synth__perlin__colorMode__mono.dsl
synth__perlin__dimensions__mid	synth__perlin__dimensions__mid.dsl
synth__perlin__ridges__true	synth__perlin__ridges__true.dsl
synth__perlin__warpIterations__mid	synth__perlin__warpIterations__mid.dsl
synth__perlin__warpScale__mid	synth__perlin__warpScale__mid.dsl
synth__perlin__warpIntensity__mid	synth__perlin__warpIntensity__mid.dsl
synth__perlin__seed__mid	synth__perlin__seed__mid.dsl
synth__perlin__speed__mid	synth__perlin__speed__mid.dsl
synth__polygon__sides__mid	synth__polygon__sides__mid.dsl
synth__polygon__radius__mid	synth__polygon__radius__mid.dsl
synth__polygon__smooth__mid	synth__polygon__smooth__mid.dsl
synth__polygon__rotation__mid	synth__polygon__rotation__mid.dsl
synth__polygon__fgAlpha__mid	synth__polygon__fgAlpha__mid.dsl
synth__polygon__bgAlpha__mid	synth__polygon__bgAlpha__mid.dsl
synth__reactionDiffusion__zoom__x1	synth__reactionDiffusion__zoom__x1.dsl
synth__reactionDiffusion__zoom__x2	synth__reactionDiffusion__zoom__x2.dsl
synth__reactionDiffusion__zoom__x4	synth__reactionDiffusion__zoom__x4.dsl
synth__reactionDiffusion__zoom__x16	synth__reactionDiffusion__zoom__x16.dsl
synth__reactionDiffusion__zoom__x32	synth__reactionDiffusion__zoom__x32.dsl
synth__reactionDiffusion__zoom__x64	synth__reactionDiffusion__zoom__x64.dsl
synth__reactionDiffusion__smoothing__constant	synth__reactionDiffusion__smoothing__constant.dsl
synth__reactionDiffusion__smoothing__hermite	synth__reactionDiffusion__smoothing__hermite.dsl
synth__reactionDiffusion__smoothing__catmullRom3x3	synth__reactionDiffusion__smoothing__catmullRom3x3.dsl
synth__reactionDiffusion__smoothing__catmullRom4x4	synth__reactionDiffusion__smoothing__catmullRom4x4.dsl
synth__reactionDiffusion__smoothing__bSpline3x3	synth__reactionDiffusion__smoothing__bSpline3x3.dsl
synth__reactionDiffusion__smoothing__bSpline4x4	synth__reactionDiffusion__smoothing__bSpline4x4.dsl
synth__reactionDiffusion__speed__mid	synth__reactionDiffusion__speed__mid.dsl
synth__reactionDiffusion__seed__mid	synth__reactionDiffusion__seed__mid.dsl
synth__reactionDiffusion__sourceF__sliderInput	synth__reactionDiffusion__sourceF__sliderInput.dsl
synth__reactionDiffusion__sourceF__brightness	synth__reactionDiffusion__sourceF__brightness.dsl
synth__reactionDiffusion__sourceF__darkness	synth__reactionDiffusion__sourceF__darkness.dsl
synth__reactionDiffusion__sourceF__red	synth__reactionDiffusion__sourceF__red.dsl
synth__reactionDiffusion__sourceF__green	synth__reactionDiffusion__sourceF__green.dsl
synth__reactionDiffusion__sourceF__blue	synth__reactionDiffusion__sourceF__blue.dsl
synth__reactionDiffusion__feed__mid	synth__reactionDiffusion__feed__mid.dsl
synth__reactionDiffusion__sourceK__sliderInput	synth__reactionDiffusion__sourceK__sliderInput.dsl
synth__reactionDiffusion__sourceK__brightness	synth__reactionDiffusion__sourceK__brightness.dsl
synth__reactionDiffusion__sourceK__darkness	synth__reactionDiffusion__sourceK__darkness.dsl
synth__reactionDiffusion__sourceK__red	synth__reactionDiffusion__sourceK__red.dsl
synth__reactionDiffusion__sourceK__green	synth__reactionDiffusion__sourceK__green.dsl
synth__reactionDiffusion__sourceK__blue	synth__reactionDiffusion__sourceK__blue.dsl
synth__reactionDiffusion__kill__mid	synth__reactionDiffusion__kill__mid.dsl
synth__reactionDiffusion__sourceR1__sliderInput	synth__reactionDiffusion__sourceR1__sliderInput.dsl
synth__reactionDiffusion__sourceR1__brightness	synth__reactionDiffusion__sourceR1__brightness.dsl
synth__reactionDiffusion__sourceR1__darkness	synth__reactionDiffusion__sourceR1__darkness.dsl
synth__reactionDiffusion__sourceR1__red	synth__reactionDiffusion__sourceR1__red.dsl
synth__reactionDiffusion__sourceR1__green	synth__reactionDiffusion__sourceR1__green.dsl
synth__reactionDiffusion__sourceR1__blue	synth__reactionDiffusion__sourceR1__blue.dsl
synth__reactionDiffusion__rate1__mid	synth__reactionDiffusion__rate1__mid.dsl
synth__reactionDiffusion__sourceR2__sliderInput	synth__reactionDiffusion__sourceR2__sliderInput.dsl
synth__reactionDiffusion__sourceR2__brightness	synth__reactionDiffusion__sourceR2__brightness.dsl
synth__reactionDiffusion__sourceR2__darkness	synth__reactionDiffusion__sourceR2__darkness.dsl
synth__reactionDiffusion__sourceR2__red	synth__reactionDiffusion__sourceR2__red.dsl
synth__reactionDiffusion__sourceR2__green	synth__reactionDiffusion__sourceR2__green.dsl
synth__reactionDiffusion__sourceR2__blue	synth__reactionDiffusion__sourceR2__blue.dsl
synth__reactionDiffusion__rate2__mid	synth__reactionDiffusion__rate2__mid.dsl
synth__reactionDiffusion__iterations__mid	synth__reactionDiffusion__iterations__mid.dsl
synth__reactionDiffusion__weight__mid	synth__reactionDiffusion__weight__mid.dsl
synth__reactionDiffusion__inputIntensity__mid	synth__reactionDiffusion__inputIntensity__mid.dsl
synth__remap__zoneCount__mid	synth__remap__zoneCount__mid.dsl
synth__remap__bgAlpha__mid	synth__remap__bgAlpha__mid.dsl
synth__remap__smoothEdge__mid	synth__remap__smoothEdge__mid.dsl
synth__remap__zone0_count__mid	synth__remap__zone0_count__mid.dsl
synth__remap__zone0_alpha__mid	synth__remap__zone0_alpha__mid.dsl
synth__remap__zone1_count__mid	synth__remap__zone1_count__mid.dsl
synth__remap__zone1_alpha__mid	synth__remap__zone1_alpha__mid.dsl
synth__remap__zone2_count__mid	synth__remap__zone2_count__mid.dsl
synth__remap__zone2_alpha__mid	synth__remap__zone2_alpha__mid.dsl
synth__remap__zone3_count__mid	synth__remap__zone3_count__mid.dsl
synth__remap__zone3_alpha__mid	synth__remap__zone3_alpha__mid.dsl
synth__remap__zone4_count__mid	synth__remap__zone4_count__mid.dsl
synth__remap__zone4_alpha__mid	synth__remap__zone4_alpha__mid.dsl
synth__remap__zone5_count__mid	synth__remap__zone5_count__mid.dsl
synth__remap__zone5_alpha__mid	synth__remap__zone5_alpha__mid.dsl
synth__remap__zone6_count__mid	synth__remap__zone6_count__mid.dsl
synth__remap__zone6_alpha__mid	synth__remap__zone6_alpha__mid.dsl
synth__remap__zone7_count__mid	synth__remap__zone7_count__mid.dsl
synth__remap__zone7_alpha__mid	synth__remap__zone7_alpha__mid.dsl
synth__roll__gain__mid	synth__roll__gain__mid.dsl
synth__roll__speed__mid	synth__roll__speed__mid.dsl
synth__sacredGeometry__geometry__borromean	synth__sacredGeometry__geometry__borromean.dsl
synth__sacredGeometry__geometry__fruit	synth__sacredGeometry__geometry__fruit.dsl
synth__sacredGeometry__geometry__metatron	synth__sacredGeometry__geometry__metatron.dsl
synth__sacredGeometry__geometry__starPolygon	synth__sacredGeometry__geometry__starPolygon.dsl
synth__sacredGeometry__geometry__triquetra	synth__sacredGeometry__geometry__triquetra.dsl
synth__sacredGeometry__geometry__vesica	synth__sacredGeometry__geometry__vesica.dsl
synth__sacredGeometry__scale__mid	synth__sacredGeometry__scale__mid.dsl
synth__sacredGeometry__rings__mid	synth__sacredGeometry__rings__mid.dsl
synth__sacredGeometry__starPoints__mid	synth__sacredGeometry__starPoints__mid.dsl
synth__sacredGeometry__rotation__mid	synth__sacredGeometry__rotation__mid.dsl
synth__sacredGeometry__thickness__mid	synth__sacredGeometry__thickness__mid.dsl
synth__sacredGeometry__smoothness__mid	synth__sacredGeometry__smoothness__mid.dsl
synth__sacredGeometry__animation__pulse	synth__sacredGeometry__animation__pulse.dsl
synth__sacredGeometry__animation__ripple	synth__sacredGeometry__animation__ripple.dsl
synth__sacredGeometry__animation__rotate	synth__sacredGeometry__animation__rotate.dsl
synth__sacredGeometry__animation__unfold	synth__sacredGeometry__animation__unfold.dsl
synth__sacredGeometry__speed__mid	synth__sacredGeometry__speed__mid.dsl
synth__sacredGeometry__pulseDepth__mid	synth__sacredGeometry__pulseDepth__mid.dsl
synth__shape__loopAOffset__circle	synth__shape__loopAOffset__circle.dsl
synth__shape__loopAOffset__triangle	synth__shape__loopAOffset__triangle.dsl
synth__shape__loopAOffset__diamond	synth__shape__loopAOffset__diamond.dsl
synth__shape__loopAOffset__pentagon	synth__shape__loopAOffset__pentagon.dsl
synth__shape__loopAOffset__hexagon	synth__shape__loopAOffset__hexagon.dsl
synth__shape__loopAOffset__heptagon	synth__shape__loopAOffset__heptagon.dsl
synth__shape__loopAOffset__octagon	synth__shape__loopAOffset__octagon.dsl
synth__shape__loopAOffset__nonagon	synth__shape__loopAOffset__nonagon.dsl
synth__shape__loopAOffset__decagon	synth__shape__loopAOffset__decagon.dsl
synth__shape__loopAOffset__hendecagon	synth__shape__loopAOffset__hendecagon.dsl
synth__shape__loopAOffset__dodecagon	synth__shape__loopAOffset__dodecagon.dsl
synth__shape__loopAOffset__horizontalScan	synth__shape__loopAOffset__horizontalScan.dsl
synth__shape__loopAOffset__verticalScan	synth__shape__loopAOffset__verticalScan.dsl
synth__shape__loopAOffset__noiseConstant	synth__shape__loopAOffset__noiseConstant.dsl
synth__shape__loopAOffset__noiseLinear	synth__shape__loopAOffset__noiseLinear.dsl
synth__shape__loopAOffset__noiseHermite	synth__shape__loopAOffset__noiseHermite.dsl
synth__shape__loopAOffset__noiseCatmullRom3x3	synth__shape__loopAOffset__noiseCatmullRom3x3.dsl
synth__shape__loopAOffset__noiseCatmullRom4x4	synth__shape__loopAOffset__noiseCatmullRom4x4.dsl
synth__shape__loopAOffset__noiseBSpline3x3	synth__shape__loopAOffset__noiseBSpline3x3.dsl
synth__shape__loopAOffset__noiseBSpline4x4	synth__shape__loopAOffset__noiseBSpline4x4.dsl
synth__shape__loopAOffset__noiseSimplex	synth__shape__loopAOffset__noiseSimplex.dsl
synth__shape__loopAOffset__noiseSine	synth__shape__loopAOffset__noiseSine.dsl
synth__shape__loopAOffset__rings	synth__shape__loopAOffset__rings.dsl
synth__shape__loopAOffset__sine	synth__shape__loopAOffset__sine.dsl
synth__shape__loopBOffset__circle	synth__shape__loopBOffset__circle.dsl
synth__shape__loopBOffset__triangle	synth__shape__loopBOffset__triangle.dsl
synth__shape__loopBOffset__square	synth__shape__loopBOffset__square.dsl
synth__shape__loopBOffset__pentagon	synth__shape__loopBOffset__pentagon.dsl
synth__shape__loopBOffset__hexagon	synth__shape__loopBOffset__hexagon.dsl
synth__shape__loopBOffset__heptagon	synth__shape__loopBOffset__heptagon.dsl
synth__shape__loopBOffset__octagon	synth__shape__loopBOffset__octagon.dsl
synth__shape__loopBOffset__nonagon	synth__shape__loopBOffset__nonagon.dsl
synth__shape__loopBOffset__decagon	synth__shape__loopBOffset__decagon.dsl
synth__shape__loopBOffset__hendecagon	synth__shape__loopBOffset__hendecagon.dsl
synth__shape__loopBOffset__dodecagon	synth__shape__loopBOffset__dodecagon.dsl
synth__shape__loopBOffset__horizontalScan	synth__shape__loopBOffset__horizontalScan.dsl
synth__shape__loopBOffset__verticalScan	synth__shape__loopBOffset__verticalScan.dsl
synth__shape__loopBOffset__noiseConstant	synth__shape__loopBOffset__noiseConstant.dsl
synth__shape__loopBOffset__noiseLinear	synth__shape__loopBOffset__noiseLinear.dsl
synth__shape__loopBOffset__noiseHermite	synth__shape__loopBOffset__noiseHermite.dsl
synth__shape__loopBOffset__noiseCatmullRom3x3	synth__shape__loopBOffset__noiseCatmullRom3x3.dsl
synth__shape__loopBOffset__noiseCatmullRom4x4	synth__shape__loopBOffset__noiseCatmullRom4x4.dsl
synth__shape__loopBOffset__noiseBSpline3x3	synth__shape__loopBOffset__noiseBSpline3x3.dsl
synth__shape__loopBOffset__noiseBSpline4x4	synth__shape__loopBOffset__noiseBSpline4x4.dsl
synth__shape__loopBOffset__noiseSimplex	synth__shape__loopBOffset__noiseSimplex.dsl
synth__shape__loopBOffset__noiseSine	synth__shape__loopBOffset__noiseSine.dsl
synth__shape__loopBOffset__rings	synth__shape__loopBOffset__rings.dsl
synth__shape__loopBOffset__sine	synth__shape__loopBOffset__sine.dsl
synth__shape__loopAScale__mid	synth__shape__loopAScale__mid.dsl
synth__shape__loopBScale__mid	synth__shape__loopBScale__mid.dsl
synth__shape__speedA__mid	synth__shape__speedA__mid.dsl
synth__shape__speedB__mid	synth__shape__speedB__mid.dsl
synth__shape__seed__mid	synth__shape__seed__mid.dsl
synth__shape__wrap__false	synth__shape__wrap__false.dsl
synth__solid__alpha__mid	synth__solid__alpha__mid.dsl
synth__subdivide__mode__binary	synth__subdivide__mode__binary.dsl
synth__subdivide__depth__mid	synth__subdivide__depth__mid.dsl
synth__subdivide__density__mid	synth__subdivide__density__mid.dsl
synth__subdivide__seed__mid	synth__subdivide__seed__mid.dsl
synth__subdivide__fill__circle	synth__subdivide__fill__circle.dsl
synth__subdivide__fill__diamond	synth__subdivide__fill__diamond.dsl
synth__subdivide__fill__square	synth__subdivide__fill__square.dsl
synth__subdivide__fill__arc	synth__subdivide__fill__arc.dsl
synth__subdivide__fill__mixed	synth__subdivide__fill__mixed.dsl
synth__subdivide__outline__mid	synth__subdivide__outline__mid.dsl
synth__subdivide__inputMix__mid	synth__subdivide__inputMix__mid.dsl
synth__subdivide__speed__mid	synth__subdivide__speed__mid.dsl
synth__subdivide__wrap__repeat	synth__subdivide__wrap__repeat.dsl
synth__subdivide__wrap__clamp	synth__subdivide__wrap__clamp.dsl
synth__testPattern__pattern__colorBars	synth__testPattern__pattern__colorBars.dsl
synth__testPattern__pattern__gradient	synth__testPattern__pattern__gradient.dsl
synth__testPattern__pattern__uvMap	synth__testPattern__pattern__uvMap.dsl
synth__testPattern__pattern__gridLines	synth__testPattern__pattern__gridLines.dsl
synth__testPattern__pattern__colorGrid	synth__testPattern__pattern__colorGrid.dsl
synth__testPattern__pattern__dotGrid	synth__testPattern__pattern__dotGrid.dsl
synth__testPattern__gridSize__mid	synth__testPattern__gridSize__mid.dsl
synth3d__cell3d__volumeSize__x16	synth3d__cell3d__volumeSize__x16.dsl
synth3d__cell3d__volumeSize__x32	synth3d__cell3d__volumeSize__x32.dsl
synth3d__cell3d__volumeSize__x128	synth3d__cell3d__volumeSize__x128.dsl
synth3d__cell3d__metric__octahedron	synth3d__cell3d__metric__octahedron.dsl
synth3d__cell3d__metric__cube	synth3d__cell3d__metric__cube.dsl
synth3d__cell3d__scale__mid	synth3d__cell3d__scale__mid.dsl
synth3d__cell3d__variation__mid	synth3d__cell3d__variation__mid.dsl
synth3d__cell3d__seed__mid	synth3d__cell3d__seed__mid.dsl
synth3d__cell3d__colorMode__mono	synth3d__cell3d__colorMode__mono.dsl
synth3d__cellularAutomata3d__volumeSize__x16	synth3d__cellularAutomata3d__volumeSize__x16.dsl
synth3d__cellularAutomata3d__volumeSize__x64	synth3d__cellularAutomata3d__volumeSize__x64.dsl
synth3d__cellularAutomata3d__volumeSize__x128	synth3d__cellularAutomata3d__volumeSize__x128.dsl
synth3d__cellularAutomata3d__seed__mid	synth3d__cellularAutomata3d__seed__mid.dsl
synth3d__cellularAutomata3d__ruleIndex__rule678	synth3d__cellularAutomata3d__ruleIndex__rule678.dsl
synth3d__cellularAutomata3d__ruleIndex__amoeba	synth3d__cellularAutomata3d__ruleIndex__amoeba.dsl
synth3d__cellularAutomata3d__ruleIndex__builder1	synth3d__cellularAutomata3d__ruleIndex__builder1.dsl
synth3d__cellularAutomata3d__ruleIndex__builder2	synth3d__cellularAutomata3d__ruleIndex__builder2.dsl
synth3d__cellularAutomata3d__ruleIndex__clouds	synth3d__cellularAutomata3d__ruleIndex__clouds.dsl
synth3d__cellularAutomata3d__ruleIndex__crystalGrowth	synth3d__cellularAutomata3d__ruleIndex__crystalGrowth.dsl
synth3d__cellularAutomata3d__ruleIndex__diamoeba	synth3d__cellularAutomata3d__ruleIndex__diamoeba.dsl
synth3d__cellularAutomata3d__ruleIndex__pyroclastic	synth3d__cellularAutomata3d__ruleIndex__pyroclastic.dsl
synth3d__cellularAutomata3d__ruleIndex__slowDecay	synth3d__cellularAutomata3d__ruleIndex__slowDecay.dsl
synth3d__cellularAutomata3d__ruleIndex__spikeyGrowth	synth3d__cellularAutomata3d__ruleIndex__spikeyGrowth.dsl
synth3d__cellularAutomata3d__neighborMode__vonNeumann	synth3d__cellularAutomata3d__neighborMode__vonNeumann.dsl
synth3d__cellularAutomata3d__speed__mid	synth3d__cellularAutomata3d__speed__mid.dsl
synth3d__cellularAutomata3d__density__mid	synth3d__cellularAutomata3d__density__mid.dsl
synth3d__cellularAutomata3d__colorMode__age	synth3d__cellularAutomata3d__colorMode__age.dsl
synth3d__cellularAutomata3d__weight__mid	synth3d__cellularAutomata3d__weight__mid.dsl
synth3d__flythrough3d__volumeSize__x16	synth3d__flythrough3d__volumeSize__x16.dsl
synth3d__flythrough3d__volumeSize__x32	synth3d__flythrough3d__volumeSize__x32.dsl
synth3d__flythrough3d__volumeSize__x128	synth3d__flythrough3d__volumeSize__x128.dsl
synth3d__flythrough3d__type__mandelbox	synth3d__flythrough3d__type__mandelbox.dsl
synth3d__flythrough3d__power__mid	synth3d__flythrough3d__power__mid.dsl
synth3d__flythrough3d__iterations__mid	synth3d__flythrough3d__iterations__mid.dsl
synth3d__flythrough3d__bailout__mid	synth3d__flythrough3d__bailout__mid.dsl
synth3d__flythrough3d__speed__mid	synth3d__flythrough3d__speed__mid.dsl
synth3d__flythrough3d__voiSize__mid	synth3d__flythrough3d__voiSize__mid.dsl
synth3d__flythrough3d__seed__mid	synth3d__flythrough3d__seed__mid.dsl
synth3d__fractal3d__volumeSize__x16	synth3d__fractal3d__volumeSize__x16.dsl
synth3d__fractal3d__volumeSize__x32	synth3d__fractal3d__volumeSize__x32.dsl
synth3d__fractal3d__volumeSize__x128	synth3d__fractal3d__volumeSize__x128.dsl
synth3d__fractal3d__type__mandelcube	synth3d__fractal3d__type__mandelcube.dsl
synth3d__fractal3d__type__juliaBulb	synth3d__fractal3d__type__juliaBulb.dsl
synth3d__fractal3d__type__juliaCube	synth3d__fractal3d__type__juliaCube.dsl
synth3d__fractal3d__power__mid	synth3d__fractal3d__power__mid.dsl
synth3d__fractal3d__iterations__mid	synth3d__fractal3d__iterations__mid.dsl
synth3d__fractal3d__bailout__mid	synth3d__fractal3d__bailout__mid.dsl
synth3d__fractal3d__juliaX__mid	synth3d__fractal3d__juliaX__mid.dsl
synth3d__fractal3d__juliaY__mid	synth3d__fractal3d__juliaY__mid.dsl
synth3d__fractal3d__juliaZ__mid	synth3d__fractal3d__juliaZ__mid.dsl
synth3d__fractal3d__colorMode__orbitTrap	synth3d__fractal3d__colorMode__orbitTrap.dsl
synth3d__fractal3d__colorMode__iteration	synth3d__fractal3d__colorMode__iteration.dsl
synth3d__noise3d__volumeSize__x16	synth3d__noise3d__volumeSize__x16.dsl
synth3d__noise3d__volumeSize__x32	synth3d__noise3d__volumeSize__x32.dsl
synth3d__noise3d__volumeSize__x128	synth3d__noise3d__volumeSize__x128.dsl
synth3d__noise3d__scale__mid	synth3d__noise3d__scale__mid.dsl
synth3d__noise3d__octaves__mid	synth3d__noise3d__octaves__mid.dsl
synth3d__noise3d__colorMode__rgb	synth3d__noise3d__colorMode__rgb.dsl
synth3d__noise3d__ridges__true	synth3d__noise3d__ridges__true.dsl
synth3d__noise3d__seed__mid	synth3d__noise3d__seed__mid.dsl
synth3d__noise3d__speed__mid	synth3d__noise3d__speed__mid.dsl
synth3d__reactionDiffusion3d__volumeSize__x16	synth3d__reactionDiffusion3d__volumeSize__x16.dsl
synth3d__reactionDiffusion3d__volumeSize__x64	synth3d__reactionDiffusion3d__volumeSize__x64.dsl
synth3d__reactionDiffusion3d__volumeSize__x128	synth3d__reactionDiffusion3d__volumeSize__x128.dsl
synth3d__reactionDiffusion3d__seed__mid	synth3d__reactionDiffusion3d__seed__mid.dsl
synth3d__reactionDiffusion3d__iterations__mid	synth3d__reactionDiffusion3d__iterations__mid.dsl
synth3d__reactionDiffusion3d__feed__mid	synth3d__reactionDiffusion3d__feed__mid.dsl
synth3d__reactionDiffusion3d__kill__mid	synth3d__reactionDiffusion3d__kill__mid.dsl
synth3d__reactionDiffusion3d__rate1__mid	synth3d__reactionDiffusion3d__rate1__mid.dsl
synth3d__reactionDiffusion3d__rate2__mid	synth3d__reactionDiffusion3d__rate2__mid.dsl
synth3d__reactionDiffusion3d__speed__mid	synth3d__reactionDiffusion3d__speed__mid.dsl
synth3d__reactionDiffusion3d__colorMode__gradient	synth3d__reactionDiffusion3d__colorMode__gradient.dsl
synth3d__reactionDiffusion3d__weight__mid	synth3d__reactionDiffusion3d__weight__mid.dsl
synth3d__shape3d__volumeSize__x16	synth3d__shape3d__volumeSize__x16.dsl
synth3d__shape3d__volumeSize__x32	synth3d__shape3d__volumeSize__x32.dsl
synth3d__shape3d__volumeSize__x128	synth3d__shape3d__volumeSize__x128.dsl
synth3d__shape3d__colorMode__rgb	synth3d__shape3d__colorMode__rgb.dsl
synth3d__shape3d__loopAOffset__tetrahedron	synth3d__shape3d__loopAOffset__tetrahedron.dsl
synth3d__shape3d__loopAOffset__cube	synth3d__shape3d__loopAOffset__cube.dsl
synth3d__shape3d__loopAOffset__octahedron	synth3d__shape3d__loopAOffset__octahedron.dsl
synth3d__shape3d__loopAOffset__icosahedron	synth3d__shape3d__loopAOffset__icosahedron.dsl
synth3d__shape3d__loopAOffset__sphere	synth3d__shape3d__loopAOffset__sphere.dsl
synth3d__shape3d__loopAOffset__torus	synth3d__shape3d__loopAOffset__torus.dsl
synth3d__shape3d__loopAOffset__cylinder	synth3d__shape3d__loopAOffset__cylinder.dsl
synth3d__shape3d__loopAOffset__cone	synth3d__shape3d__loopAOffset__cone.dsl
synth3d__shape3d__loopAOffset__capsule	synth3d__shape3d__loopAOffset__capsule.dsl
synth3d__shape3d__loopBOffset__tetrahedron	synth3d__shape3d__loopBOffset__tetrahedron.dsl
synth3d__shape3d__loopBOffset__cube	synth3d__shape3d__loopBOffset__cube.dsl
synth3d__shape3d__loopBOffset__dodecahedron	synth3d__shape3d__loopBOffset__dodecahedron.dsl
synth3d__shape3d__loopBOffset__icosahedron	synth3d__shape3d__loopBOffset__icosahedron.dsl
synth3d__shape3d__loopBOffset__sphere	synth3d__shape3d__loopBOffset__sphere.dsl
synth3d__shape3d__loopBOffset__torus	synth3d__shape3d__loopBOffset__torus.dsl
synth3d__shape3d__loopBOffset__cylinder	synth3d__shape3d__loopBOffset__cylinder.dsl
synth3d__shape3d__loopBOffset__cone	synth3d__shape3d__loopBOffset__cone.dsl
synth3d__shape3d__loopBOffset__capsule	synth3d__shape3d__loopBOffset__capsule.dsl
synth3d__shape3d__loopAScale__mid	synth3d__shape3d__loopAScale__mid.dsl
synth3d__shape3d__loopBScale__mid	synth3d__shape3d__loopBScale__mid.dsl
synth3d__shape3d__speedA__mid	synth3d__shape3d__speedA__mid.dsl
synth3d__shape3d__speedB__mid	synth3d__shape3d__speedB__mid.dsl
